start,H,variant,profitable,beats S&P 500 TR,beats T-bills,beats equal-weight,median multiple,S&P 500 TR,Equal-weight,q_miss
2010,1,calibrated,1.0,1.0,1.0,0.5062,1.2029052894046235,1.1437928948602403,1.202754967016793,1.2078483547049559
2010,3,calibrated,1.0,0.9998666666666667,1.0,0.4985,1.4422947272432838,1.3795270806924844,1.4423657631075926,1.4116866276556161
2010,5,calibrated,1.0,1.0,1.0,0.49456666666666665,2.1690447084718905,2.018510285351589,2.1694501465930833,2.220565114853843
2010,10,calibrated,1.0,0.16036666666666666,1.0,0.48543333333333333,3.4261965633940323,3.5153233523522394,3.429499561882179,3.1180700771143046
2010,1,survivors-only,1.0,0.9999666666666667,1.0,0.5000333333333333,1.2000529150501391,1.1437928948602403,1.2000520342865713,
2010,3,survivors-only,1.0,0.9987666666666667,1.0,0.49223333333333336,1.458130485883907,1.3795270806924844,1.4586464086081814,
2010,5,survivors-only,1.0,0.9954333333333333,1.0,0.4911,2.1413271350113066,2.018510285351589,2.142324718651023,
2010,10,survivors-only,1.0,0.7117,1.0,0.4851,3.589511991924097,3.5153233523522394,3.5947673559461113,
2011,1,calibrated,0.6908333333333333,0.004233333333333334,0.6706666666666666,0.48943333333333333,1.004233031409661,1.0270424668385554,1.0044601894294842,0.97108311543204
2011,3,calibrated,1.0,0.8911,1.0,0.4854,1.5621383072297037,1.5385781920952137,1.5628421110308124,1.5302509614615867
2011,5,calibrated,1.0,0.24023333333333333,1.0,0.4833,1.7387305657143415,1.7625554024513865,1.7400376842257916,1.5845120063623392
2011,10,calibrated,1.0,0.0031,1.0,0.45676666666666665,3.1691184358285303,3.580033956276635,3.181392411349426,2.618213861194892
2011,1,survivors-only,0.9494,0.31393333333333334,0.9446,0.49173333333333336,1.020786041648904,1.0270424668385554,1.0210481930727922,
2011,3,survivors-only,1.0,0.9191,1.0,0.4822666666666667,1.5777456934521465,1.5385781920952137,1.579039519702265,
2011,5,survivors-only,1.0,0.8705,1.0,0.4844333333333333,1.8153949554550275,1.7625554024513865,1.8173320723205797,
2011,10,survivors-only,1.0,0.22683333333333333,1.0,0.4624333333333333,3.4454578998349317,3.580033956276635,3.4612853654924924,
2012,1,calibrated,1.0,0.9859333333333333,1.0,0.5001333333333333,1.193895893044875,1.1743415695692465,1.193893306572227,1.17234489150492
2012,3,calibrated,1.0,0.9998333333333334,1.0,0.4950333333333333,1.7954256684392331,1.7182848889791762,1.795724825982584,1.7641228629439762
2012,5,calibrated,1.0,0.9667333333333333,1.0,0.4849333333333333,2.0441064860516764,1.9791134474477317,2.0455698699484346,1.890064702751251
2012,10,calibrated,1.0,0.0608,1.0,0.4428,4.172438108418689,4.579784553648702,4.204139801855264,3.3240738079900516
2012,1,survivors-only,1.0,0.9876333333333334,1.0,0.4956,1.2036047011359827,1.1743415695692465,1.2037512325267719,
2012,3,survivors-only,1.0,0.9973666666666666,1.0,0.4886333333333333,1.8092792944545752,1.7182848889791762,1.8101820290149087,
2012,5,survivors-only,1.0,0.9964333333333333,1.0,0.48023333333333335,2.113938257143841,1.9791134474477317,2.1167100637395215,
2012,10,survivors-only,1.0,0.4679333333333333,1.0,0.4336,4.5558710646387,4.579784553648702,4.6067506377584095,
2013,1,calibrated,1.0,0.9936333333333334,1.0,0.48073333333333335,1.302626521388359,1.2756652833680082,1.3032173667624023,1.2506259715664934
2013,3,calibrated,1.0,0.31753333333333333,1.0,0.4759,1.4496324956317779,1.4613691708824241,1.450976597634933,1.3247339615484361
2013,5,calibrated,1.0,0.2612,1.0,0.46723333333333333,2.02687029855995,2.062512233524801,2.0311869324679623,1.6901297746368142
2013,10,calibrated,1.0,0.3097666666666667,1.0,0.4542,3.1216700597287286,3.186530909336323,3.136270589872873,2.5690593811753057
2013,1,survivors-only,1.0,0.9994666666666666,1.0,0.4810333333333333,1.3238106528792712,1.2756652833680082,1.3246710803833965,
2013,3,survivors-only,1.0,0.8923333333333333,1.0,0.475,1.5003625481410412,1.4613691708824241,1.5024750100894815,
2013,5,survivors-only,1.0,0.9438666666666666,1.0,0.46366666666666667,2.1636424817266624,2.062512233524801,2.1703150648410086,
2013,10,survivors-only,1.0,0.8513666666666667,1.0,0.4530666666666667,3.3478169088967595,3.186530909336323,3.367654199086611,
2014,1,calibrated,1.0,0.8396,1.0,0.5006666666666667,1.1577389106010383,1.1498712285350474,1.157728430622084,1.1538537281711823
2014,3,calibrated,1.0,0.3566666666666667,1.0,0.48056666666666664,1.3179646401755511,1.3244169379729298,1.3188069580579438,1.2828073284520374
2014,5,calibrated,1.0,0.0034333333333333334,1.0,0.4629,1.4377326621030353,1.5363786278848064,1.4405696469893778,1.2226938629780533
2014,10,calibrated,1.0,0.06486666666666667,1.0,0.3844,2.601187218697892,3.0981730646178445,2.666851326415443,1.6715559495740229
2014,1,survivors-only,1.0,0.8058,1.0,0.5058,1.159378477770953,1.1498712285350474,1.1592328541993893,
2014,3,survivors-only,1.0,0.6157333333333334,1.0,0.48163333333333336,1.3315952068002346,1.3244169379729298,1.3327844678769967,
2014,5,survivors-only,1.0,0.3642666666666667,1.0,0.4677,1.5217034049911593,1.5363786278848064,1.525163875977015,
2014,10,survivors-only,1.0,0.3342,1.0,0.3828666666666667,2.9623150316807925,3.0981730646178445,3.0532928274795696,
2015,1,calibrated,0.0423,0.00046666666666666666,0.03766666666666667,0.4666,0.9834661408381127,1.0172863356327015,0.9842246887006642,0.9492185898953126
2015,3,calibrated,1.0,0.030366666666666667,1.0,0.4466,1.374383327871627,1.4357532333688963,1.3777922604401114,1.2453260595777327
2015,5,calibrated,1.0,0.0006666666666666666,1.0,0.4559666666666667,1.608441627413572,1.7738558261014958,1.6128322298615712,1.431968340789983
2015,10,calibrated,1.0,0.09676666666666667,1.0,0.3767666666666667,2.5482737448051505,3.5261551337440977,2.7163318034529333,0.27099772650757953
2015,1,survivors-only,0.38166666666666665,0.050666666666666665,0.3648,0.4718,0.996142281682577,1.0172863356327015,0.9970762427826287,
2015,3,survivors-only,1.0,0.3433,1.0,0.4433,1.4218274207282369,1.4357532333688963,1.4264236876060257,
2015,5,survivors-only,1.0,0.040466666666666665,1.0,0.45766666666666667,1.6738376336878436,1.7738558261014958,1.6792315754385376,
2015,10,survivors-only,1.0,0.4119333333333333,1.0,0.3683666666666667,3.3713133053643385,3.5261551337440977,3.6140708892356113,
2016,1,calibrated,1.0,0.9992666666666666,1.0,0.5197,1.1812955151469693,1.1532310158268277,1.1808327587881295,1.1633724562843828
2016,3,calibrated,1.0,0.005666666666666667,1.0,0.48723333333333335,1.2893012121731882,1.3377958518425694,1.2898565783925522,1.1913014243205453
2016,5,calibrated,1.0,0.0010666666666666667,1.0,0.4584666666666667,1.8233772794705168,2.0311610921832437,1.8283468456977399,1.7530694296734417
2016,10,calibrated,1.0,0.04733333333333333,1.0,0.3837,2.949362554876671,4.052300976376997,3.077183741684314,0.5887701984504249
2016,1,survivors-only,1.0,0.9980333333333333,1.0,0.5136333333333334,1.186748045315735,1.1532310158268277,1.1863489379081125,
2016,3,survivors-only,1.0,0.23043333333333332,1.0,0.4887666666666667,1.3202727802709893,1.3377958518425694,1.3209928020027684,
2016,5,survivors-only,1.0,0.0087,1.0,0.4588333333333333,1.845724175853128,2.0311610921832437,1.8521290058516306,
2016,10,survivors-only,1.0,0.2835666666666667,1.0,0.3819,3.6995196555008225,4.052300976376997,3.8633405007738713,
2017,1,calibrated,1.0,0.0002,1.0,0.47936666666666666,1.1849545542761362,1.223827697546507,1.185498730058829,1.1048296049674358
2017,3,calibrated,1.0,0.0,1.0,0.4630666666666667,1.38578060078438,1.5120243792475379,1.3877350128879986,1.2752377962386652
2017,5,calibrated,1.0,0.0,1.0,0.4523,2.0498348502496535,2.3140586304210102,2.0552413601796164,2.1560585964475467
2017,1,survivors-only,1.0,0.0914,1.0,0.48883333333333334,1.2065238044554571,1.223827697546507,1.2068760482080485,
2017,3,survivors-only,1.0,0.00023333333333333333,1.0,0.47413333333333335,1.41577717577333,1.5120243792475379,1.4175467753000717,
2017,5,survivors-only,1.0,0.0,1.0,0.4604666666666667,2.0226858894953414,2.3140586304210102,2.028524792568615,
2018,1,calibrated,0.0,0.0007333333333333333,0.0,0.47176666666666667,0.9208169866206359,0.9478797667425392,0.9214079116189772,0.8951106081586002
2018,3,calibrated,1.0,0.0001,1.0,0.43583333333333335,1.301837531998797,1.4391556825530816,1.3060779601627892,1.360071184933441
2018,5,calibrated,1.0,0.4452,1.0,0.4577,1.541152695104415,1.5449755194375703,1.5440580774425305,1.766257164162722
2018,1,survivors-only,0.0,0.020133333333333333,0.0,0.47236666666666666,0.9265791029544094,0.9478797667425392,0.9272517568323945,
2018,3,survivors-only,1.0,0.00013333333333333334,1.0,0.44343333333333335,1.289490741588823,1.4391556825530816,1.2940794657693113,
2018,5,survivors-only,1.0,0.06236666666666667,1.0,0.45953333333333335,1.4914960897869023,1.5449755194375703,1.4946805026158212,
2019,1,calibrated,1.0,0.0009333333333333333,1.0,0.4844333333333333,1.2700286961656522,1.3034226473590274,1.2704381178391007,1.2267217326343556
2019,3,calibrated,1.0,0.0023,1.0,0.4537,1.8775295719620322,1.994806742275131,1.8815241678581178,2.052817900004188
2019,5,calibrated,1.0,0.0016333333333333334,1.0,0.4484,1.8451783970765783,2.016542672741564,1.8512477560448746,1.7691092277657194
2019,1,survivors-only,1.0,0.021166666666666667,1.0,0.4807666666666667,1.2782232777156364,1.3034226473590274,1.2787895970881205,
2019,3,survivors-only,1.0,0.0011666666666666668,1.0,0.45853333333333335,1.8442630879090829,1.994806742275131,1.8488006011037974,
2019,5,survivors-only,1.0,0.008333333333333333,1.0,0.4492,1.859940802744778,2.016542672741564,1.866939314513298,
2020,1,calibrated,1.0,0.00013333333333333334,1.0,0.4247666666666667,1.111845519653182,1.1607414475870164,1.1142750080979549,1.3134478845121311
2020,3,calibrated,1.0,0.9999,1.0,0.4813,1.3164126352512209,1.2460897334867198,1.3173067605639293,1.584926136046082
2020,5,calibrated,1.0,0.0010666666666666667,1.0,0.3965666666666667,1.6670559487096326,1.9808396829649482,1.6819859614689505,1.5521074440202156
2020,1,survivors-only,1.0,0.0,1.0,0.42606666666666665,1.081288598831966,1.1607414475870164,1.08380792426291,
2020,3,survivors-only,1.0,0.9174333333333333,1.0,0.4829,1.2754538458168327,1.2460897334867198,1.276369550159125,
2020,5,survivors-only,1.0,0.0025666666666666667,1.0,0.39966666666666667,1.6850055815747194,1.9808396829649482,1.7018532232704693,
2021,1,calibrated,1.0,0.8627333333333334,1.0,0.4982333333333333,1.3273228231883687,1.3138515676148568,1.327371954083583,1.346675632365672
2021,3,calibrated,1.0,0.18313333333333334,1.0,0.49793333333333334,1.3058845413421645,1.3281676342852151,1.3060126430538814,1.0207948708791739
2021,5,calibrated,1.0,0.0,1.0,0.47063333333333335,1.6785727156020658,1.9950662662710228,1.6830415678103945,0.7395700748590477
2021,1,survivors-only,1.0,0.7898,1.0,0.4995,1.324947408750518,1.3138515676148568,1.324964368373568,
2021,3,survivors-only,1.0,0.6854,1.0,0.4856333333333333,1.3406280833387416,1.3281676342852151,1.3415854609643123,
2021,5,survivors-only,1.0,0.0033666666666666667,1.0,0.4653,1.7954426824420984,1.9950662662710228,1.8007128453277117,
