ticker,start_years_missing,reason,first_in_index,last_in_index,still_in_index
AABA,"2010,2011,2012,2013,2014,2015,2016,2017",no Yahoo data,1999-12-08,2017-06-16,False
ABMD,"2019,2020,2021",no Yahoo data,2018-05-31,2022-12-19,False
ACS,2010,no Yahoo data,2004-04-02,2010-02-02,False
ADS,"2014,2015,2016,2017,2018,2019,2020",no Yahoo data,2013-12-23,2020-05-22,False
ADT,"2013,2014,2015,2016",Yahoo data exists but only 2018-01-19 to 2026-10-06,2012-10-02,2016-04-28,False
AET,"2010,2011,2012,2013,2014,2015,2016,2017,2018",no Yahoo data,1996-01-02,2018-11-28,False
AGN,"2010,2011,2012,2013,2014,2015,2016,2017,2018,2019,2020",no Yahoo data,1996-01-02,2020-04-06,False
AKS,"2010,2011",no Yahoo data,2008-07-01,2011-12-14,False
ALTR,"2010,2011,2012,2013,2014,2015",no Yahoo data,2000-04-18,2015-12-21,False
ALXN,"2013,2014,2015,2016,2017,2018,2019,2020,2021",no Yahoo data,2012-05-25,2021-06-04,False
ANDV,"2010,2011,2012,2013,2014,2015,2016,2017,2018",no Yahoo data,2007-09-27,2018-09-24,False
ANRZQ,2012,no Yahoo data,2011-06-02,2012-10-01,False
ANSS,"2018,2019,2020,2021",no Yahoo data,2017-06-19,2025-07-09,False
APC,"2010,2011,2012,2013,2014,2015,2016,2017,2018,2019",Yahoo data exists but only 2026-02-12 to 2026-10-06,1997-07-28,2019-08-08,False
APOL,"2010,2011,2012,2013",no Yahoo data,2002-05-15,2013-06-27,False
ARG,"2010,2011,2012,2013,2014,2015,2016",no Yahoo data,2009-09-09,2016-05-20,False
ARNC,"2010,2011,2012,2013,2014,2015,2016,2017,2018,2019,2020",no Yahoo data,1996-01-02,2020-04-03,False
ATGE,"2010,2011,2012",no Yahoo data,2009-06-09,2012-09-25,False
ATVI,"2016,2017,2018,2019,2020,2021",no Yahoo data,2015-08-31,2023-10-02,False
AVB,"2010,2011,2012,2013,2014,2015,2016,2017,2018,2019,2020,2021",Yahoo data exists but only 2026-08-14 to 2026-08-14,2007-01-10,2026-08-05,True
AVP,"2010,2011,2012,2013,2014,2015",no Yahoo data,1996-01-02,2015-03-19,False
AYE,"2010,2011",no Yahoo data,2000-12-11,2011-02-23,False
BBBY,"2010,2011,2012,2013,2014,2015,2016,2017",Yahoo data exists but only 2026-07-17 to 2026-10-05,1999-10-01,2017-07-25,False
BCR,"2010,2011,2012,2013,2014,2015,2016,2017",no Yahoo data,1996-01-02,2017-12-27,False
BDK,2010,no Yahoo data,1996-01-02,2010-03-11,False
BEAM,"2010,2011,2012,2013,2014",Yahoo data exists but only 2020-02-06 to 2026-10-06,1996-01-02,2014-04-22,False
BIG,"2010,2011,2012,2013",no Yahoo data,1998-01-20,2013-02-06,False
BJS,2010,no Yahoo data,2002-05-15,2010-04-21,False
BK,"2010,2011,2012,2013,2014,2015,2016,2017,2018,2019,2020,2021",no Yahoo data,1996-01-02,2026-05-07,False
BMC,"2010,2011,2012,2013",no Yahoo data,1998-10-01,2013-09-09,False
BMS,"2010,2011,2012,2013,2014",no Yahoo data,1996-01-02,2014-12-04,False
BNI,2010,no Yahoo data,1996-01-02,2010-02-10,False
BRCM,"2010,2011,2012,2013,2014,2015,2016",no Yahoo data,2000-07-03,2016-01-26,False
BTUUQ,"2010,2011,2012,2013,2014",no Yahoo data,2006-11-20,2014-09-19,False
BXLT,2016,no Yahoo data,2015-07-01,2016-06-01,False
CA,"2010,2011,2012,2013,2014,2015,2016,2017,2018",no Yahoo data,1996-01-02,2018-10-31,False
CAM,"2010,2011,2012,2013,2014,2015,2016",Yahoo data exists but only 2025-10-06 to 2026-10-06,2008-01-29,2016-03-31,False
CBE,2012,no Yahoo data,1996-01-02,2012-11-27,False
CCE,"2010,2011,2012,2013,2014,2015,2016",no Yahoo data,1998-10-08,2016-05-24,False
CEG,"2010,2011,2012",Yahoo data exists but only 2022-01-19 to 2026-10-06,1996-01-02,2026-08-18,True
CELG,"2010,2011,2012,2013,2014,2015,2016,2017,2018,2019",no Yahoo data,2006-11-06,2019-11-05,False
CEPH,"2010,2011",no Yahoo data,2008-11-17,2011-10-11,False
CERN,"2011,2012,2013,2014,2015,2016,2017,2018,2019,2020,2021",no Yahoo data,2010-04-30,2022-05-10,False
CFN,"2010,2011,2012,2013,2014,2015",no Yahoo data,2009-09-01,2015-03-13,False
CHK,"2010,2011,2012,2013,2014,2015,2016,2017,2018",no Yahoo data,2006-03-03,2018-03-16,False
CMA,"2010,2011,2012,2013,2014,2015,2016,2017,2018,2019,2020,2021",no Yahoo data,1996-01-02,2024-05-08,False
COG,"2010,2011,2012,2013,2014,2015,2016,2017,2018,2019,2020,2021",no Yahoo data,2008-06-23,2021-09-20,False
COL,"2010,2011,2012,2013,2014,2015,2016,2017,2018",no Yahoo data,2001-07-02,2018-11-15,False
COV,"2012,2013,2014,2015",no Yahoo data,1996-01-02,2015-01-15,False
CPGX,2016,no Yahoo data,2015-07-02,2016-06-27,False
CSRA,"2016,2017,2018",Yahoo data exists but only 2026-08-12 to 2026-10-06,2015-11-30,2018-04-02,False
CTL,"2010,2011,2012,2013,2014,2015,2016,2017,2018,2019,2020",no Yahoo data,1999-03-25,2020-06-22,False
CTLT,2021,no Yahoo data,2020-09-21,2024-11-26,False
CTXS,"2010,2011,2012,2013,2014,2015,2016,2017,2018,2019,2020,2021",no Yahoo data,1999-12-01,2022-09-19,False
CVC,"2011,2012,2013,2014,2015,2016",no Yahoo data,2010-12-20,2016-06-20,False
CVH,"2010,2011,2012,2013",no Yahoo data,2005-08-30,2013-05-02,False
CXO,"2017,2018,2019,2020,2021",no Yahoo data,2016-02-22,2021-01-07,False
DELL,"2010,2011,2012,2013",Yahoo data exists but only 2016-08-17 to 2026-10-06,1996-09-06,2026-08-18,True
DF,"2010,2011,2012,2013",no Yahoo data,2006-04-03,2013-05-17,False
DFS,"2010,2011,2012,2013,2014,2015,2016,2017,2018,2019,2020,2021",no Yahoo data,2007-07-02,2025-03-24,False
DISCA,"2011,2012,2013,2014,2015,2016,2017,2018,2019,2020,2021",no Yahoo data,2010-03-01,2022-04-04,False
DISCK,"2015,2016,2017,2018,2019,2020,2021",no Yahoo data,2014-08-07,2022-04-04,False
DISH,"2018,2019,2020,2021",no Yahoo data,2017-03-13,2023-06-07,False
DNB,"2010,2011,2012,2013,2014,2015,2016,2017",no Yahoo data,2008-12-02,2017-04-04,False
DNR,"2010,2011,2012,2013,2014,2015",no Yahoo data,2009-04-02,2015-03-19,False
DO,"2010,2011,2012,2013,2014,2015,2016",no Yahoo data,2009-02-26,2016-09-28,False
DOW,"2010,2011,2012,2013,2014,2015,2016,2017",Yahoo data exists but only 2019-03-20 to 2026-10-06,1996-01-02,2026-08-18,True
DRE,"2018,2019,2020,2021",no Yahoo data,2017-07-26,2022-09-19,False
DTV,"2010,2011,2012,2013,2014,2015",no Yahoo data,2006-12-04,2015-07-23,False
DWDP,"2018,2019",no Yahoo data,2017-09-01,2019-06-01,False
EA,"2010,2011,2012,2013,2014,2015,2016,2017,2018,2019,2020,2021",Yahoo data exists but only 2026-08-04 to 2026-08-04,2002-07-22,2026-06-30,False
EKDKQ,2010,no Yahoo data,1996-01-02,2010-12-17,False
EMC,"2010,2011,2012,2013,2014,2015,2016",Yahoo data exists but only 2023-05-15 to 2026-10-06,1996-03-28,2016-09-06,False
ENDP,"2016,2017",no Yahoo data,2015-01-27,2017-03-01,False
EQR,"2010,2011,2012,2013,2014,2015,2016,2017,2018,2019,2020,2021",Yahoo data exists but only 2026-08-17 to 2026-08-17,2001-12-03,2026-08-05,True
ESRX,"2010,2011,2012,2013,2014,2015,2016,2017,2018",no Yahoo data,2003-09-26,2018-12-19,False
ESV,"2013,2014,2015,2016",no Yahoo data,2007-01-04,2016-03-29,False
ETFC,"2010,2011,2012,2013,2014,2015,2016,2017,2018,2019,2020",no Yahoo data,2004-04-01,2020-09-21,False
EVHC,"2017,2018",no Yahoo data,2016-12-02,2018-10-10,False
FB,"2014,2015,2016,2017,2018,2019,2020,2021",Yahoo data exists but only 2025-06-26 to 2026-10-06,2013-12-23,2022-06-08,False
FBHS,"2017,2018,2019,2020,2021",no Yahoo data,2016-06-24,2022-11-08,False
FDO,"2010,2011,2012,2013,2014,2015",no Yahoo data,2001-08-06,2015-07-06,False
FII,"2010,2011,2012",no Yahoo data,2003-04-16,2012-12-28,False
FL,"2017,2018,2019",no Yahoo data,1996-01-02,2019-08-08,False
FLIR,"2010,2011,2012,2013,2014,2015,2016,2017,2018,2019,2020,2021",no Yahoo data,2009-01-02,2021-04-20,False
FLT,"2019,2020,2021",no Yahoo data,2018-06-20,2024-03-18,False
FOX,"2016,2017,2018,2019",Yahoo data exists but only 2019-03-13 to 2026-10-06,2015-09-21,2026-08-18,True
FOXA,"2010,2011,2012,2013,2014,2015,2016,2017,2018,2019",Yahoo data exists but only 2019-03-12 to 2026-10-06,2004-12-20,2026-08-18,True
FRC,"2019,2020,2021",no Yahoo data,2019-01-02,2023-03-20,False
FRX,"2010,2011,2012,2013,2014",no Yahoo data,2000-11-22,2014-06-24,False
FTR,"2010,2011,2012,2013,2014,2015,2016,2017",no Yahoo data,2001-02-27,2017-03-17,False
GAS,"2010,2011,2012,2013,2014,2015,2016",no Yahoo data,1996-01-02,2016-06-27,False
GGP,"2014,2015,2016,2017,2018",no Yahoo data,2007-07-02,2018-08-20,False
GMCR,"2015,2016",no Yahoo data,2014-03-24,2016-02-26,False
GPS,"2010,2011,2012,2013,2014,2015,2016,2017,2018,2019,2020,2021",no Yahoo data,1996-01-02,2022-01-10,False
GR,"2010,2011,2012",no Yahoo data,1996-01-02,2012-07-26,False
HAR,"2010,2011,2012,2013,2014,2015,2016,2017",no Yahoo data,2006-02-01,2017-03-10,False
HBI,"2016,2017,2018,2019,2020,2021",no Yahoo data,2015-03-23,2021-12-14,False
HCBK,"2010,2011,2012,2013,2014,2015",no Yahoo data,2007-02-15,2015-10-28,False
HCP,"2010,2011,2012,2013,2014,2015,2016,2017,2018,2019",no Yahoo data,2008-03-31,2019-10-18,False
HES,"2010,2011,2012,2013,2014,2015,2016,2017,2018,2019,2020,2021",no Yahoo data,1996-01-02,2025-07-18,False
HFC,"2019,2020,2021",no Yahoo data,2018-06-18,2021-05-14,False
HNZ,"2010,2011,2012,2013",no Yahoo data,1996-01-02,2013-06-06,False
HOLX,"2017,2018,2019,2020,2021",no Yahoo data,2016-03-30,2026-03-23,False
HOT,"2010,2011,2012,2013,2014,2015,2016",no Yahoo data,2000-11-17,2016-09-16,False
HRS,"2010,2011,2012,2013,2014,2015,2016,2017,2018,2019",no Yahoo data,1996-01-02,2019-04-02,False
HSH,"2010,2011,2012",no Yahoo data,1996-01-02,2012-06-25,False
HSP,"2010,2011,2012,2013,2014,2015",no Yahoo data,2004-05-03,2015-09-01,False
IGT,"2010,2011,2012,2013,2014",no Yahoo data,2001-09-04,2014-06-19,False
INFO,"2018,2019,2020,2021",Yahoo data exists but only 2024-10-10 to 2026-10-06,2017-06-02,2022-02-17,False
IPG,"2010,2011,2012,2013,2014,2015,2016,2017,2018,2019,2020,2021",no Yahoo data,1996-01-02,2025-11-11,False
IR,"2011,2012,2013,2014,2015,2016,2017",Yahoo data exists but only 2017-05-12 to 2026-10-06,1996-01-02,2026-08-18,True
JAVA,2010,Yahoo data exists but only 2021-10-05 to 2026-10-06,1996-01-02,2010-01-21,False
JCP,"2010,2011,2012,2013",no Yahoo data,1996-01-02,2013-11-27,False
JEC,"2010,2011,2012,2013,2014,2015,2016,2017,2018,2019",no Yahoo data,2007-10-26,2019-12-09,False
JNPR,"2010,2011,2012,2013,2014,2015,2016,2017,2018,2019,2020,2021",no Yahoo data,2006-06-02,2025-05-19,False
JNS,"2010,2011",no Yahoo data,2000-07-13,2011-11-18,False
JOY,"2012,2013,2014,2015",no Yahoo data,2011-02-28,2015-10-05,False
JWN,"2010,2011,2012,2013,2014,2015,2016,2017,2018,2019,2020",no Yahoo data,1996-01-02,2020-05-22,False
K,"2010,2011,2012,2013,2014,2015,2016,2017,2018,2019,2020,2021",no Yahoo data,1996-01-02,2025-11-28,False
KORS,"2014,2015,2016,2017,2018",no Yahoo data,2013-11-13,2018-09-18,False
KRFT,"2013,2014,2015",no Yahoo data,2012-10-02,2015-07-02,False
KSU,"2014,2015,2016,2017,2018,2019,2020,2021",no Yahoo data,1999-04-05,2021-10-04,False
LB,"2010,2011,2012,2013,2014,2015,2016,2017,2018,2019,2020,2021",Yahoo data exists but only 2024-06-28 to 2026-10-06,1996-01-02,2021-07-21,False
LEG,"2010,2011,2012,2013,2014,2015,2016,2017,2018,2019,2020,2021",Yahoo data exists but only 2026-08-26 to 2026-08-26,1999-10-18,2021-12-14,False
LIFE,"2010,2011,2012,2013,2014",Yahoo data exists but only 2026-01-29 to 2026-10-06,2008-11-24,2014-01-22,False
LLL,"2010,2011,2012,2013,2014,2015,2016,2017,2018,2019",no Yahoo data,2004-12-01,2019-06-07,False
LLTC,"2010,2011,2012,2013,2014,2015,2016,2017",no Yahoo data,2000-04-03,2017-03-10,False
LM,"2010,2011,2012,2013,2014,2015,2016",no Yahoo data,2006-04-24,2016-11-29,False
LO,"2010,2011,2012,2013,2014,2015",no Yahoo data,2008-06-11,2015-06-11,False
LSI,"2010,2011,2012,2013,2014",no Yahoo data,1996-01-02,2014-05-06,False
LVLT,"2015,2016,2017",no Yahoo data,2014-11-05,2017-10-10,False
LXK,"2010,2011,2012",no Yahoo data,1999-08-13,2012-09-25,False
MDP,2010,no Yahoo data,1996-01-02,2010-12-31,False
MEE,"2010,2011",no Yahoo data,1996-01-02,2011-05-23,False
MFE,"2010,2011",no Yahoo data,2008-12-23,2011-02-28,False
MHS,"2010,2011,2012",no Yahoo data,2003-08-20,2012-03-22,False
MI,"2010,2011",Yahoo data exists but only 2015-11-25 to 2026-10-06,2002-02-11,2011-07-05,False
MIL,2010,no Yahoo data,1996-01-02,2010-07-12,False
MJN,"2010,2011,2012,2013,2014,2015,2016,2017",no Yahoo data,2009-12-21,2017-06-07,False
MMC,"2010,2011,2012,2013,2014,2015,2016,2017,2018,2019,2020,2021",no Yahoo data,1996-01-02,2025-12-22,False
MMI,"2011,2012",Yahoo data exists but only 2013-10-31 to 2026-10-06,2011-01-04,2012-05-15,False
MNK,"2015,2016,2017",no Yahoo data,2014-08-19,2017-07-25,False
MOLX,"2010,2011,2012,2013",no Yahoo data,1999-12-01,2013-12-03,False
MON,"2010,2011,2012,2013,2014,2015,2016,2017,2018",no Yahoo data,2002-08-14,2018-06-06,False
MRO,"2010,2011,2012,2013,2014,2015,2016,2017,2018,2019,2020,2021",no Yahoo data,1996-01-02,2024-10-01,False
MWV,"2010,2011,2012,2013,2014,2015",no Yahoo data,1996-01-02,2015-07-01,False
MWW,"2010,2011",no Yahoo data,2001-06-04,2011-12-14,False
MXIM,"2019,2020,2021",no Yahoo data,2000-05-10,2021-08-03,False
MYL,"2010,2011,2012,2013,2014,2015,2016,2017,2018,2019,2020",no Yahoo data,2004-04-23,2020-10-12,False
NBL,"2010,2011,2012,2013,2014,2015,2016,2017,2018,2019,2020",no Yahoo data,2007-10-08,2020-10-07,False
NE,"2012,2013,2014,2015",Yahoo data exists but only 2021-06-09 to 2026-10-06,2001-01-16,2015-07-15,False
NFX,"2011,2012,2013,2014,2015,2016,2017,2018,2019",Yahoo data exists but only 2026-07-07 to 2026-10-06,2010-12-20,2019-01-18,False
NLOK,"2020,2021",no Yahoo data,2019-11-05,2022-11-01,False
NLSN,"2014,2015,2016,2017,2018,2019,2020,2021",no Yahoo data,2013-07-09,2022-10-03,False
NOVL,"2010,2011",no Yahoo data,1996-01-02,2011-04-25,False
NSM,"2010,2011",no Yahoo data,1996-01-02,2011-09-21,False
NVLS,"2010,2011,2012",no Yahoo data,2000-06-19,2012-06-04,False
NYX,"2010,2011,2012,2013",no Yahoo data,2007-10-25,2013-11-07,False
ODP,2010,no Yahoo data,1999-06-24,2010-12-17,False
PBCT,"2010,2011,2012,2013,2014,2015,2016,2017,2018,2019,2020,2021",no Yahoo data,2008-11-13,2022-03-02,False
PBG,2010,no Yahoo data,2001-05-14,2010-02-26,False
PCL,"2010,2011,2012,2013,2014,2015,2016",Yahoo data exists but only 2025-08-05 to 2026-10-05,2002-01-17,2016-02-16,False
PCP,"2010,2011,2012,2013,2014,2015,2016",no Yahoo data,2007-06-01,2016-01-26,False
PDCO,"2010,2011,2012,2013,2014,2015,2016,2017,2018",no Yahoo data,2005-10-11,2018-03-16,False
PEAK,"2020,2021",no Yahoo data,2019-11-05,2024-02-01,False
PETM,"2013,2014,2015",no Yahoo data,2012-10-05,2015-03-11,False
PGN,"2010,2011,2012",no Yahoo data,1996-01-02,2012-06-29,False
PKI,"2010,2011,2012,2013,2014,2015,2016,2017,2018,2019,2020,2021",no Yahoo data,1996-01-02,2023-05-04,False
PLL,"2010,2011,2012,2013,2014,2015",no Yahoo data,1996-01-02,2015-08-25,False
POM,"2010,2011,2012,2013,2014,2015,2016",Yahoo data exists but only 2025-10-08 to 2026-10-06,2007-11-09,2016-03-18,False
PTV,2010,no Yahoo data,1999-11-05,2010-11-08,False
PX,"2010,2011,2012,2013,2014,2015,2016,2017,2018",no Yahoo data,1996-01-02,2018-10-25,False
PXD,"2010,2011,2012,2013,2014,2015,2016,2017,2018,2019,2020,2021",no Yahoo data,2008-09-24,2024-04-02,False
Q,"2010,2011",Yahoo data exists but only 2025-10-27 to 2026-10-06,2000-07-06,2026-08-18,True
QEP,"2011,2012,2013,2014,2015",no Yahoo data,2010-07-01,2015-06-30,False
QLGC,"2010,2011",no Yahoo data,2000-12-12,2011-01-12,False
RAI,"2010,2011,2012,2013,2014,2015,2016,2017",no Yahoo data,2002-09-04,2017-07-20,False
RDC,"2010,2011,2012,2013,2014",no Yahoo data,1996-01-02,2014-08-13,False
RE,"2018,2019,2020,2021",no Yahoo data,2017-06-19,2023-06-20,False
RHT,"2010,2011,2012,2013,2014,2015,2016,2017,2018,2019",no Yahoo data,2009-07-27,2019-07-01,False
RRD,"2010,2011,2012",no Yahoo data,1996-01-02,2012-12-07,False
RSHCQ,"2010,2011",no Yahoo data,1996-01-02,2011-06-30,False
RTN,"2010,2011,2012,2013,2014,2015,2016,2017,2018,2019,2020",no Yahoo data,1996-01-02,2020-04-03,False
RX,2010,no Yahoo data,1996-11-04,2010-02-23,False
S,"2010,2011,2012,2013",Yahoo data exists but only 2021-06-30 to 2026-10-06,1996-01-02,2013-07-02,False
SCG,"2010,2011,2012,2013,2014,2015,2016,2017,2018",no Yahoo data,2009-01-02,2018-12-24,False
SE,"2010,2011,2012,2013,2014,2015,2016,2017",Yahoo data exists but only 2017-10-20 to 2026-10-06,2007-01-03,2017-02-24,False
SEE,"2010,2011,2012,2013,2014,2015,2016,2017,2018,2019,2020,2021",no Yahoo data,1998-04-01,2023-10-18,False
SHLD,"2010,2011,2012",Yahoo data exists but only 2023-09-14 to 2026-10-06,2005-03-28,2012-08-23,False
SIAL,"2010,2011,2012,2013,2014,2015",no Yahoo data,1996-01-02,2015-11-17,False
SII,2010,Yahoo data exists but only 2010-02-22 to 2026-10-06,2006-10-02,2010-08-19,False
SIVB,"2019,2020,2021",no Yahoo data,2018-03-19,2023-01-04,False
SNDK,"2010,2011,2012,2013,2014,2015,2016",Yahoo data exists but only 2025-02-13 to 2026-10-06,2006-04-20,2026-08-18,True
SNI,"2010,2011,2012,2013,2014,2015,2016,2017,2018",no Yahoo data,2008-07-01,2018-02-28,False
SPLS,"2010,2011,2012,2013,2014,2015,2016,2017",Yahoo data exists but only 2026-01-16 to 2026-10-06,1998-10-07,2017-09-12,False
SRCL,"2010,2011,2012,2013,2014,2015,2016,2017,2018",no Yahoo data,2008-11-19,2018-11-29,False
STI,"2010,2011,2012,2013,2014,2015,2016,2017,2018,2019",Yahoo data exists but only 2022-05-02 to 2026-10-06,1996-01-02,2019-12-05,False
STJ,"2010,2011,2012,2013,2014,2015,2016,2017",no Yahoo data,1996-01-02,2017-01-03,False
STR,2010,no Yahoo data,2006-12-01,2010-06-29,False
SUN,"2010,2011,2012",Yahoo data exists but only 2012-09-20 to 2026-10-06,1996-01-02,2012-10-04,False
SUNEQ,"2010,2011",no Yahoo data,2007-05-31,2011-12-14,False
SVU,"2010,2011,2012",no Yahoo data,1996-01-02,2012-04-30,False
SWN,"2010,2011,2012,2013,2014,2015,2016,2017",no Yahoo data,2008-06-06,2017-03-30,False
SWY,"2010,2011,2012,2013,2014,2015",no Yahoo data,1998-11-13,2015-01-15,False
SYMC,"2010,2011,2012,2013,2014,2015,2016,2017,2018,2019",no Yahoo data,2003-03-31,2019-10-18,False
TE,"2010,2011,2012,2013,2014,2015,2016",Yahoo data exists but only 2020-01-10 to 2026-10-06,2001-10-10,2016-06-27,False
TEG,"2010,2011,2012,2013,2014,2015",no Yahoo data,2007-02-22,2015-06-24,False
TGNA,"2010,2011,2012,2013,2014,2015,2016,2017",no Yahoo data,1996-01-02,2017-05-23,False
TIE,"2010,2011,2012",no Yahoo data,2007-10-29,2012-12-21,False
TIF,"2010,2011,2012,2013,2014,2015,2016,2017,2018,2019,2020,2021",no Yahoo data,2000-06-21,2020-12-21,False
TLAB,"2010,2011",no Yahoo data,1996-01-02,2011-12-20,False
TMK,"2010,2011,2012,2013,2014,2015,2016,2017,2018,2019",no Yahoo data,1996-01-02,2019-07-15,False
TSS,"2010,2011,2012,2013,2014,2015,2016,2017,2018,2019",no Yahoo data,2008-01-02,2019-08-09,False
TWC,"2010,2011,2012,2013,2014,2015,2016",no Yahoo data,2009-03-30,2016-05-17,False
TWTR,"2019,2020,2021",no Yahoo data,2018-06-07,2022-10-12,False
TWX,"2010,2011,2012,2013,2014,2015,2016,2017,2018",no Yahoo data,1996-01-02,2018-06-14,False
UTX,"2010,2011,2012,2013,2014,2015,2016,2017,2018,2019,2020",no Yahoo data,1996-01-02,2020-03-03,False
VAR,"2010,2011,2012,2013,2014,2015,2016,2017,2018,2019,2020,2021",no Yahoo data,2007-02-12,2021-03-22,False
VIAB,"2010,2011,2012,2013,2014,2015,2016,2017,2018,2019",no Yahoo data,2006-01-03,2019-11-21,False
VIAC,"2020,2021",no Yahoo data,2019-12-05,2022-02-15,False
WBA,"2010,2011,2012,2013,2014,2015,2016,2017,2018,2019,2020,2021",no Yahoo data,1996-01-02,2025-08-08,False
WCG,"2019,2020",no Yahoo data,2018-09-17,2019-12-23,False
WFM,"2010,2011,2012,2013,2014,2015,2016,2017",no Yahoo data,2006-01-03,2017-08-17,False
WIN,"2010,2011,2012,2013,2014,2015",no Yahoo data,2006-07-18,2015-03-31,False
WLTW,"2017,2018,2019,2020,2021",no Yahoo data,2016-01-05,2021-12-20,False
WPX,"2012,2013,2014",no Yahoo data,2012-01-03,2014-03-12,False
WRK,"2016,2017,2018,2019,2020,2021",no Yahoo data,2015-07-02,2024-06-24,False
WYND,"2010,2011,2012,2013,2014,2015,2016,2017,2018",no Yahoo data,2006-08-01,2018-05-24,False
X,"2010,2011,2012,2013,2014",no Yahoo data,1996-01-02,2014-07-01,False
XEC,"2015,2016,2017,2018,2019,2020",no Yahoo data,2014-06-20,2020-01-28,False
XL,"2010,2011,2012,2013,2014,2015,2016,2017,2018",no Yahoo data,2001-09-04,2018-09-11,False
XLNX,"2010,2011,2012,2013,2014,2015,2016,2017,2018,2019,2020,2021",no Yahoo data,1999-11-08,2022-02-02,False
XTO,2010,no Yahoo data,2004-12-29,2010-06-21,False
