ticker,tiingo_name,tiingo_start,tiingo_end,exchange,rows,need_from,need_to,years_missing,status
AABA,Altaba Inc,1996-04-12,2019-11-06,NASDAQ,2480,1999-12-08,2017-06-16,"2010,2011,2012,2013,2014,2015,2016,2017",downloaded
ABMD,Abiomed Inc,1987-07-30,2023-01-03,NASDAQ,3290,2018-05-31,2022-12-19,"2019,2020,2021",downloaded
ACS,AFFILIATED COMPUTER SERVICES INC,2010-02-05,2011-02-14,NYSE,0,2004-04-02,2010-02-02,2010,range does not cover index window
ADS,GRANITESHARES 2X SHORT ADBE DAILY ETF ,,,ASX,0,2013-12-23,2020-05-22,"2014,2015,2016,2017,2018,2019,2020",no price data
ADT,ADT Inc,2018-01-19,2026-10-07,NYSE,0,2012-10-02,2016-04-28,"2013,2014,2015,2016",range does not cover index window
AET,Aetna Inc,1977-01-03,2018-11-28,NYSE,2265,1996-01-02,2018-11-28,"2010,2011,2012,2013,2014,2015,2016,2017,2018",downloaded
AGN,Allergan Inc,1989-06-22,2020-05-08,NYSE,2627,1996-01-02,2020-04-06,"2010,2011,2012,2013,2014,2015,2016,2017,2018,2019,2020",downloaded
AKS,AK Steel Holding Corp,1994-03-30,2020-03-13,NYSE,2588,2008-07-01,2011-12-14,"2010,2011",downloaded
ALTR,Altair Engineering Inc - Class A,2017-11-01,2025-03-26,NASDAQ,0,2000-04-18,2015-12-21,"2010,2011,2012,2013,2014,2015",range does not cover index window
ALXN,Alexion Pharmaceuticals Inc,1996-02-28,2021-07-28,NASDAQ,2931,2012-05-25,2021-06-04,"2013,2014,2015,2016,2017,2018,2019,2020,2021",downloaded
ANDV,Andeavor Corp,1983-04-06,2018-09-28,NYSE,2223,2007-09-27,2018-09-24,"2010,2011,2012,2013,2014,2015,2016,2017,2018",downloaded
ANRZQ,Alpha Natural Resources Inc,2005-02-15,2016-07-27,NYSE,1675,2011-06-02,2012-10-01,2012,downloaded
ANSS,Ansys Inc,1996-06-21,2026-10-07,NASDAQ,4095,2017-06-19,2025-07-09,"2018,2019,2020,2021",downloaded
APC,ARKO Petroleum Corp - Class A,2026-02-12,2026-10-07,NASDAQ,0,1997-07-28,2019-08-08,"2010,2011,2012,2013,2014,2015,2016,2017,2018,2019",range does not cover index window
APOL,Apollo Education Group Inc,2016-01-04,2017-02-09,NASDAQ,0,2002-05-15,2013-06-27,"2010,2011,2012,2013",range does not cover index window
ARG,Airgas Inc,1986-12-22,2016-05-31,NYSE,1635,2009-09-09,2016-05-20,"2010,2011,2012,2013,2014,2015,2016",downloaded
ARNC,Arconic Corporation,2020-04-01,2023-08-17,NYSE,0,1996-01-02,2020-04-03,"2010,2011,2012,2013,2014,2015,2016,2017,2018,2019,2020",range does not cover index window
ATGE,,,,,0,2009-06-09,2012-09-25,"2010,2011,2012",no price data
ATVI,Activision Blizzard Inc,1993-10-25,2023-10-13,NASDAQ,3491,2015-08-31,2023-10-02,"2016,2017,2018,2019,2020,2021",downloaded
AVB,Avalonbay Communities Inc,1994-03-11,2026-08-17,NYSE,4202,2007-01-10,2026-08-05,"2010,2011,2012,2013,2014,2015,2016,2017,2018,2019,2020,2021",downloaded
AVP,Avon Products Inc,1972-06-01,2020-01-03,NYSE,2540,1996-01-02,2015-03-19,"2010,2011,2012,2013,2014,2015",downloaded
AYE,ALLEGHENY ENERGY INC,2006-12-28,2011-11-30,NYSE,505,2000-12-11,2011-02-23,"2010,2011",downloaded
BBBY,,,,NYSE,0,1999-10-01,2017-07-25,"2010,2011,2012,2013,2014,2015,2016,2017",no price data
BCR,C.R. Bard Inc,1983-04-06,2017-12-29,NYSE,2035,1996-01-02,2017-12-27,"2010,2011,2012,2013,2014,2015,2016,2017",downloaded
BDK,BLACK & DECKER CORP,,,OTCMKTS,0,1996-01-02,2010-03-11,2010,no price data
BEAM,Beam Therapeutics Inc,2020-02-06,2026-10-07,NASDAQ,0,1996-01-02,2014-04-22,"2010,2011,2012,2013,2014",range does not cover index window
BIG,,,,NYSE,0,1998-01-20,2013-02-06,"2010,2011,2012,2013",no price data
BJS,BJ SERVICES CO,2006-12-28,2011-05-09,NYSE,362,2002-05-15,2010-04-21,2010,downloaded
BK,Canadian Banc Corp - Class A,2026-06-04,2026-06-10,TSX,0,1996-01-02,2026-05-07,"2010,2011,2012,2013,2014,2015,2016,2017,2018,2019,2020,2021",range does not cover index window
BMC,BMC Software Inc,,,NASDAQ,0,1998-10-01,2013-09-09,"2010,2011,2012,2013",no price data
BMS,Bemis Company Inc,1984-09-07,2019-06-28,NYSE,2408,1996-01-02,2014-12-04,"2010,2011,2012,2013,2014",downloaded
BNI,BURLINGTON NORTHERN SANTA FE LLC,,,NYSE,0,1996-01-02,2010-02-10,2010,no price data
BRCM,Broadcom Corp,2016-01-04,2016-02-09,NASDAQ,0,2000-07-03,2016-01-26,"2010,2011,2012,2013,2014,2015,2016",range does not cover index window
BTUUQ,PEABODY ENERGY CORP,2016-01-04,2017-04-11,PINK,0,2006-11-20,2014-09-19,"2010,2011,2012,2013,2014",range does not cover index window
BXLT,Baxalta Inc,2015-06-30,2016-06-16,NYSE,242,2015-07-01,2016-06-01,2016,downloaded
CA,XTRACKERS CALIFORNIA MUNICIPAL BOND ETF ,2023-12-14,2026-10-07,NASDAQ,0,1996-01-02,2018-10-31,"2010,2011,2012,2013,2014,2015,2016,2017,2018",range does not cover index window
CAM,AB CALIFORNIA INTERMEDIATE MUNICIPAL ETF ,1995-07-05,2026-10-07,NYSE,1853,2008-01-29,2016-03-31,"2010,2011,2012,2013,2014,2015,2016",downloaded
CBE,Cooper Industries Plc,,,NYSE,0,1996-01-02,2012-11-27,2012,no price data
CCE,CARNEGIE CLEAN ENERGY LTD,,,ASX,0,1998-10-08,2016-05-24,"2010,2011,2012,2013,2014,2015,2016",no price data
CEG,Constellation Energy Corporation,2022-02-02,2026-10-07,NASDAQ,0,1996-01-02,2026-08-18,"2010,2011,2012",range does not cover index window
CELG,Celgene Corp,1990-03-26,2019-11-22,NASDAQ,2512,2006-11-06,2019-11-05,"2010,2011,2012,2013,2014,2015,2016,2017,2018,2019",downloaded
CEPH,CEPHALON INC,,,NASDAQ,0,2008-11-17,2011-10-11,"2010,2011",no price data
CERN,Cerner Corp,1990-03-26,2022-09-08,NASDAQ,3170,2010-04-30,2022-05-10,"2011,2012,2013,2014,2015,2016,2017,2018,2019,2020,2021",downloaded
CFN,CareFusion Corp,2009-08-21,2015-03-17,NYSE,1331,2009-09-01,2015-03-13,"2010,2011,2012,2013,2014,2015",downloaded
CHK,Chesapeake Energy Corp,1993-02-16,2024-10-04,NASDAQ,2831,2006-03-03,2018-03-16,"2010,2011,2012,2013,2014,2015,2016,2017,2018",downloaded
CMA,Comerica Inc,1990-03-26,2026-01-30,NYSE,4066,1996-01-02,2024-05-08,"2010,2011,2012,2013,2014,2015,2016,2017,2018,2019,2020,2021",downloaded
COG,COG FINANCIAL SERVICES LTD,,,ASX,0,2008-06-23,2021-09-20,"2010,2011,2012,2013,2014,2015,2016,2017,2018,2019,2020,2021",no price data
COL,Rockwell Collins Inc,2001-06-15,2018-11-26,NYSE,2263,2001-07-02,2018-11-15,"2010,2011,2012,2013,2014,2015,2016,2017,2018",downloaded
COV,Covidien plc,2007-06-14,2015-02-03,NYSE,1302,1996-01-02,2015-01-15,"2012,2013,2014,2015",downloaded
CPGX,Columbia Pipeline Group Inc,2015-07-01,2016-07-01,NYSE,254,2015-07-02,2016-06-27,2016,downloaded
CSRA,Cohen & Steers Real Assets Active ETF,2026-08-12,2026-10-07,NYSE ARCA,0,2015-11-30,2018-04-02,"2016,2017,2018",range does not cover index window
CTL,,,,,0,1999-03-25,2020-06-22,"2010,2011,2012,2013,2014,2015,2016,2017,2018,2019,2020",no price data
CTLT,Catalent Inc,2014-07-31,2024-12-18,NYSE,2615,2020-09-21,2024-11-26,2021,downloaded
CTXS,Citrix Systems Inc,1995-12-08,2022-11-02,NASDAQ,3237,1999-12-01,2022-09-19,"2010,2011,2012,2013,2014,2015,2016,2017,2018,2019,2020,2021",downloaded
CVC,Cablevision Systems Corp,2016-01-04,2016-06-21,NYSE,0,2010-12-20,2016-06-20,"2011,2012,2013,2014,2015,2016",range does not cover index window
CVH,Coventry Health Care Inc,2006-12-28,2013-10-17,NYSE,977,2005-08-30,2013-05-02,"2010,2011,2012,2013",downloaded
CXO,Concho Resources Inc,2007-08-03,2021-01-15,NYSE,2801,2016-02-22,2021-01-07,"2017,2018,2019,2020,2021",downloaded
DELL,Dell Technologies Inc - Class C,2018-12-21,2026-10-07,NYSE,0,1996-09-06,2026-08-18,"2010,2011,2012,2013",range does not cover index window
DF,Dividend 15 Split Corp II - Class A,2026-06-04,2026-06-10,TSX,0,2006-04-03,2013-05-17,"2010,2011,2012,2013",range does not cover index window
DFS,Discover Financial Services,2007-06-14,2025-05-16,NYSE,3889,2007-07-02,2025-03-24,"2010,2011,2012,2013,2014,2015,2016,2017,2018,2019,2020,2021",downloaded
DISCA,,2022-04-08,2022-09-16,NASDAQ,0,2010-03-01,2022-04-04,"2011,2012,2013,2014,2015,2016,2017,2018,2019,2020,2021",range does not cover index window
DISCK,Warner Bros. Discovery Inc - Series C,2008-09-18,2022-09-16,NASDAQ,3136,2014-08-07,2022-04-04,"2015,2016,2017,2018,2019,2020,2021",downloaded
DISH,Dish Network Corp - Class A,1995-06-21,2024-01-09,NASDAQ,3546,2017-03-13,2023-06-07,"2018,2019,2020,2021",downloaded
DNB,Dun & Bradstreet Holdings Inc,2020-07-01,2025-08-25,NYSE,0,2008-12-02,2017-04-04,"2010,2011,2012,2013,2014,2015,2016,2017",range does not cover index window
DNR,Denbury Resources Inc,1995-09-06,2020-07-30,NYSE,2684,2009-04-02,2015-03-19,"2010,2011,2012,2013,2014,2015",downloaded
DO,Diamond Offshore Drilling Inc,2022-03-30,2024-09-04,NYSE,0,2009-02-26,2016-09-28,"2010,2011,2012,2013,2014,2015,2016",range does not cover index window
DOW,Dow Inc,2019-03-20,2026-10-07,NYSE,0,1996-01-02,2026-08-18,"2010,2011,2012,2013,2014,2015,2016,2017",range does not cover index window
DRE,Duke Realty Corp,1987-11-05,2022-10-03,NYSE,3232,2017-07-26,2022-09-19,"2018,2019,2020,2021",downloaded
DTV,DTE Energy Company 2016 Corporate Units,2016-09-30,2019-09-30,NYSE,0,2006-12-04,2015-07-23,"2010,2011,2012,2013,2014,2015",range does not cover index window
DWDP,,,,,0,2017-09-01,2019-06-01,"2018,2019",no price data
EA,Electronic Arts Inc,1990-03-26,2026-08-04,NASDAQ,4193,2002-07-22,2026-06-30,"2010,2011,2012,2013,2014,2015,2016,2017,2018,2019,2020,2021",downloaded
EKDKQ,Eastman Kodak Company,,,OTCBB,0,1996-01-02,2010-12-17,2010,no price data
EMC,GLOBAL X EMERGING MARKETS GREAT CONSUMER ETF ,2023-05-15,2026-10-07,NYSE,0,1996-03-28,2016-09-06,"2010,2011,2012,2013,2014,2015,2016",range does not cover index window
ENDP,,,,,0,2015-01-27,2017-03-01,"2016,2017",no price data
EQR,Vivmark Residential,1993-08-12,2026-10-07,NYSE,0,2001-12-03,2026-08-05,"2010,2011,2012,2013,2014,2015,2016,2017,2018,2019,2020,2021",range does not cover index window
ESRX,Express Scripts Holding Company,1992-06-09,2018-12-20,NASDAQ,2280,2003-09-26,2018-12-19,"2010,2011,2012,2013,2014,2015,2016,2017,2018",downloaded
ESV,,,,,0,2007-01-04,2016-03-29,"2013,2014,2015,2016",no price data
ETFC,E TRADE Financial Corp,1996-08-16,2020-10-02,NASDAQ,2729,2004-04-01,2020-09-21,"2010,2011,2012,2013,2014,2015,2016,2017,2018,2019,2020",downloaded
EVHC,Envision Healthcare Holdings Inc,2013-08-14,2018-12-14,NYSE,1343,2016-12-02,2018-10-10,"2017,2018",downloaded
FB,PROSHARES S&P 500 DYNAMIC DAILY BUFFER ETF ,2025-06-26,2026-10-07,BATS,0,2013-12-23,2022-06-08,"2014,2015,2016,2017,2018,2019,2020,2021",range does not cover index window
FBHS,,,,NYSE,0,2016-06-24,2022-11-08,"2017,2018,2019,2020,2021",no price data
FDO,Family Dollar Stores Inc,1985-02-25,2015-07-13,NYSE,1412,2001-08-06,2015-07-06,"2010,2011,2012,2013,2014,2015",downloaded
FII,,,,,0,2003-04-16,2012-12-28,"2010,2011,2012",no price data
FL,Foot Locker Inc,1970-01-02,2026-10-07,NYSE,4131,1996-01-02,2019-08-08,"2017,2018,2019",downloaded
FLIR,Flir Systems Inc,1993-06-22,2021-05-14,NASDAQ,2883,2009-01-02,2021-04-20,"2010,2011,2012,2013,2014,2015,2016,2017,2018,2019,2020,2021",downloaded
FLT,Fleetcor Technologies Inc,2010-12-15,2026-10-07,NYSE,3976,2018-06-20,2024-03-18,"2019,2020,2021",downloaded
FOX,Fox Corporation - Class B,2019-03-13,2026-10-07,NASDAQ,0,2015-09-21,2026-08-18,"2016,2017,2018,2019",range does not cover index window
FOXA,Fox Corporation - Class A,2019-03-12,2026-10-07,NASDAQ,0,2004-12-20,2026-08-18,"2010,2011,2012,2013,2014,2015,2016,2017,2018,2019",range does not cover index window
FRC,,,,,0,2019-01-02,2023-03-20,"2019,2020,2021",no price data
FRX,Forest Laboratories Inc,1988-04-19,2014-07-01,NYSE,1153,2000-11-22,2014-06-24,"2010,2011,2012,2013,2014",downloaded
FTR,Frontier Communications Corp,2020-04-23,2021-06-01,NYSE,0,2001-02-27,2017-03-17,"2010,2011,2012,2013,2014,2015,2016,2017",range does not cover index window
GAS,AGL Resources Inc,1973-05-03,2016-07-01,NYSE,1658,1996-01-02,2016-06-27,"2010,2011,2012,2013,2014,2015,2016",downloaded
GGP,General Growth Properties Inc,1993-04-08,2018-08-28,NYSE,2201,2007-07-02,2018-08-20,"2014,2015,2016,2017,2018",downloaded
GMCR,Green Mountain Coffee Roasters Inc,2001-01-12,2016-03-04,NASDAQ,1575,2014-03-24,2016-02-26,"2015,2016",downloaded
GPS,GPS ALLIANCE HOLDINGS LTD,,,ASX,0,1996-01-02,2022-01-10,"2010,2011,2012,2013,2014,2015,2016,2017,2018,2019,2020,2021",no price data
GR,GOODRICH CORP,,,NYSE,0,1996-01-02,2012-07-26,"2010,2011,2012",no price data
HAR,Harman International Industries IncDE,2016-01-04,2017-03-10,NYSE,0,2006-02-01,2017-03-10,"2010,2011,2012,2013,2014,2015,2016,2017",range does not cover index window
HBI,Hanesbrands Inc,2006-09-06,2026-10-07,NYSE,4190,2015-03-23,2021-12-14,"2016,2017,2018,2019,2020,2021",downloaded
HCBK,Hudson City Bancorp Inc,1999-07-13,2015-10-30,NASDAQ,1490,2007-02-15,2015-10-28,"2010,2011,2012,2013,2014,2015",downloaded
HCP,HashiCorp Inc - Class A,2021-12-09,2025-02-27,NASDAQ,0,2008-03-31,2019-10-18,"2010,2011,2012,2013,2014,2015,2016,2017,2018,2019",range does not cover index window
HES,Hess Corporation,1983-04-06,2025-07-18,NYSE,3931,1996-01-02,2025-07-18,"2010,2011,2012,2013,2014,2015,2016,2017,2018,2019,2020,2021",downloaded
HFC,,,,,0,2018-06-18,2021-05-14,"2019,2020,2021",no price data
HNZ,H.J. Heinz Company,2001-01-02,2013-06-07,NYSE,885,1996-01-02,2013-06-06,"2010,2011,2012,2013",downloaded
HOLX,Hologic Inc,1990-03-26,2026-04-07,NASDAQ,4111,2016-03-30,2026-03-23,"2017,2018,2019,2020,2021",downloaded
HOT,DEFIANCE HOT SAUCE DAILY 2X STRATEGY ETF ,2016-01-04,2016-10-03,NYSE,0,2000-11-17,2016-09-16,"2010,2011,2012,2013,2014,2015,2016",range does not cover index window
HRS,,,,,0,1996-01-02,2019-04-02,"2010,2011,2012,2013,2014,2015,2016,2017,2018,2019",no price data
HSH,Hillshire Brands Company,1986-05-05,2014-08-29,NYSE,1195,1996-01-02,2012-06-25,"2010,2011,2012",downloaded
HSP,Hospira Inc,2004-05-03,2015-09-02,NYSE,1449,2004-05-03,2015-09-01,"2010,2011,2012,2013,2014,2015",downloaded
IGT,,,,NYSE,0,2001-09-04,2014-06-19,"2010,2011,2012,2013,2014",no price data
INFO,HARBOR PANAGORA DYNAMIC LARGE CAP CORE ETF ,2024-10-10,2026-10-07,NYSE,0,2017-06-02,2022-02-17,"2018,2019,2020,2021",range does not cover index window
IPG,Interpublic Group Of Cos. Inc,1987-11-05,2025-11-26,NYSE,4023,1996-01-02,2025-11-11,"2010,2011,2012,2013,2014,2015,2016,2017,2018,2019,2020,2021",downloaded
IR,Ingersoll-Rand Inc,2017-05-12,2026-10-07,NYSE,0,1996-01-02,2026-08-18,"2011,2012,2013,2014,2015,2016,2017",range does not cover index window
JAVA,JPMORGAN ACTIVE VALUE ETF ,2021-10-05,2026-10-07,NYSE,0,1996-01-02,2010-01-21,2010,range does not cover index window
JCP,,,,,0,1996-01-02,2013-11-27,"2010,2011,2012,2013",no price data
JEC,,,,,0,2007-10-26,2019-12-09,"2010,2011,2012,2013,2014,2015,2016,2017,2018,2019",no price data
JNPR,Juniper Networks Inc,1999-06-25,2025-07-02,NYSE,3920,2006-06-02,2025-05-19,"2010,2011,2012,2013,2014,2015,2016,2017,2018,2019,2020,2021",downloaded
JNS,Janus Capital Group Inc,2000-06-26,2017-05-30,NYSE,1886,2000-07-13,2011-11-18,"2010,2011",downloaded
JOY,Joy Global Inc,2001-05-25,2017-04-13,NYSE,1855,2011-02-28,2015-10-05,"2012,2013,2014,2015",downloaded
JWN,Nordstrom Inc,1986-07-09,2025-05-20,NYSE,3891,1996-01-02,2020-05-22,"2010,2011,2012,2013,2014,2015,2016,2017,2018,2019,2020",downloaded
K,Kellanova,1984-12-17,2025-12-11,NYSE,4033,1996-01-02,2025-11-28,"2010,2011,2012,2013,2014,2015,2016,2017,2018,2019,2020,2021",downloaded
KORS,,,,,0,2013-11-13,2018-09-18,"2014,2015,2016,2017,2018",no price data
KRFT,Kraft Foods Group Inc,2012-09-17,2015-07-10,NASDAQ,707,2012-10-02,2015-07-02,"2013,2014,2015",downloaded
KSU,Kansas City Southern,1987-11-05,2021-12-13,NYSE,3030,1999-04-05,2021-10-04,"2014,2015,2016,2017,2018,2019,2020,2021",downloaded
LB,Landbridge Company LLC. - Class A,2024-06-28,2026-10-07,NYSE,0,1996-01-02,2021-07-21,"2010,2011,2012,2013,2014,2015,2016,2017,2018,2019,2020,2021",range does not cover index window
LEG,Leggett & Platt Inc,1987-11-05,2026-08-27,NYSE,4210,1999-10-18,2021-12-14,"2010,2011,2012,2013,2014,2015,2016,2017,2018,2019,2020,2021",downloaded
LIFE,Ethos Technologies Inc - Class A,2026-01-29,2026-10-07,NASDAQ,0,2008-11-24,2014-01-22,"2010,2011,2012,2013,2014",range does not cover index window
LLL,GRANITESHARES 2X LONG LLY DAILY ETF ,1998-05-19,2019-06-28,NYSE,2410,2004-12-01,2019-06-07,"2010,2011,2012,2013,2014,2015,2016,2017,2018,2019",downloaded
LLTC,Linear Technology Corp,2016-01-04,2017-03-20,NASDAQ,0,2000-04-03,2017-03-10,"2010,2011,2012,2013,2014,2015,2016,2017",range does not cover index window
LM,Legg Mason Inc,1987-11-05,2020-07-31,NYSE,2685,2006-04-24,2016-11-29,"2010,2011,2012,2013,2014,2015,2016",downloaded
LO,Lorillard Inc,2002-02-01,2015-06-22,NYSE,1398,2008-06-11,2015-06-11,"2010,2011,2012,2013,2014,2015",downloaded
LSI,Life Storage Inc,1995-06-21,2023-07-19,NYSE,3430,1996-01-02,2014-05-06,"2010,2011,2012,2013,2014",downloaded
LVLT,Level 3 Communications Inc,1998-03-31,2017-11-01,NYSE,1995,2014-11-05,2017-10-10,"2015,2016,2017",downloaded
LXK,Lexmark International Inc,2016-01-04,2016-11-29,NYSE,0,1999-08-13,2012-09-25,"2010,2011,2012",range does not cover index window
MDP,Meredith Corp,1985-07-01,2021-12-01,NYSE NAT,0,1996-01-02,2010-12-31,2010,range does not cover index window
MEE,MASSEY ENERGY CO,,,NYSE,0,1996-01-02,2011-05-23,"2010,2011",no price data
MFE,McAfee Inc,2006-12-28,2011-03-01,NYSE,314,2008-12-23,2011-02-28,"2010,2011",downloaded
MHS,MEDCO HEALTH SOLUTIONS INC,2006-12-28,2013-04-10,NYSE,844,2003-08-20,2012-03-22,"2010,2011,2012",downloaded
MI,NFT Ltd -Class A,2023-09-18,2026-10-07,AMEX,0,2002-02-11,2011-07-05,"2010,2011",range does not cover index window
MIL,MFC Industrial Ltd,1996-05-08,2016-02-12,NYSE,1561,1996-01-02,2010-07-12,2010,downloaded
MJN,Mead Johnson Nutrition CO,2009-02-11,2017-07-14,NYSE,1916,2009-12-21,2017-06-07,"2010,2011,2012,2013,2014,2015,2016,2017",downloaded
MMC,MITRE MINING CORPORATION LTD,,,ASX,0,1996-01-02,2025-12-22,"2010,2011,2012,2013,2014,2015,2016,2017,2018,2019,2020,2021",no price data
MMI,Marcus & Millichap Inc,2013-10-31,2026-10-07,NYSE,0,2011-01-04,2012-05-15,"2011,2012",range does not cover index window
MNK,,,,,0,2014-08-19,2017-07-25,"2015,2016,2017",no price data
MOLX,Molex Inc,,,NASDAQ,0,1999-12-01,2013-12-03,"2010,2011,2012,2013",no price data
MON,Monument Circle Acquisition Corp - Class A,2021-03-16,2022-12-23,NASDAQ,0,2002-08-14,2018-06-06,"2010,2011,2012,2013,2014,2015,2016,2017,2018",range does not cover index window
MRO,Marathon Oil Corporation,1970-01-02,2024-11-22,NYSE,3771,1996-01-02,2024-10-01,"2010,2011,2012,2013,2014,2015,2016,2017,2018,2019,2020,2021",downloaded
MWV,MeadWestvaco Corp,1985-07-01,2015-07-01,NYSE,1405,1996-01-02,2015-07-01,"2010,2011,2012,2013,2014,2015",downloaded
MWW,Monster Worldwide Inc,2008-11-11,2016-11-09,NYSE,1749,2001-06-04,2011-12-14,"2010,2011",downloaded
MXIM,Maxim Integrated Products Inc,1990-03-26,2021-09-01,NASDAQ,2959,2000-05-10,2021-08-03,"2019,2020,2021",downloaded
MYL,Mylan N.V.,1987-12-18,2020-11-19,NASDAQ,2761,2004-04-23,2020-10-12,"2010,2011,2012,2013,2014,2015,2016,2017,2018,2019,2020",downloaded
NBL,Noble Energy Inc,1982-01-04,2020-10-06,NYSE,0,2007-10-08,2020-10-07,"2010,2011,2012,2013,2014,2015,2016,2017,2018,2019,2020",range does not cover index window
NE,Noble Corp Plc - Class A,2021-06-09,2026-10-07,NYSE,0,2001-01-16,2015-07-15,"2012,2013,2014,2015",range does not cover index window
NFX,Corgi NFLX 2x Daily ETF,2026-07-07,2026-10-07,BATS,0,2010-12-20,2019-01-18,"2011,2012,2013,2014,2015,2016,2017,2018,2019",range does not cover index window
NLOK,,,,,0,2019-11-05,2022-11-01,"2020,2021",no price data
NLSN,Nielsen Holdings plc,2011-01-27,2022-10-11,NYSE,2947,2013-07-09,2022-10-03,"2014,2015,2016,2017,2018,2019,2020,2021",downloaded
NOVL,NOVELL INC,,,NASDAQ,0,1996-01-02,2011-04-25,"2010,2011",no price data
NSM,Nationstar Mortgage Holdings Inc,2012-03-08,2018-07-31,NYSE,0,1996-01-02,2011-09-21,"2010,2011",range does not cover index window
NVLS,DEFIANCE NVDA LIGHTNINGSPREAD(TM) INCOME ETF ,2006-12-28,2017-07-24,NASDAQ,1162,2000-06-19,2012-06-04,"2010,2011,2012",downloaded
NYX,NYSE Euronext,2007-06-04,2013-11-12,NYSE,0,2007-10-25,2013-11-07,"2010,2011,2012,2013",range does not cover index window
ODP,ODP Corporation (The),1990-03-26,2026-10-07,NASDAQ,4197,1999-06-24,2010-12-17,2010,downloaded
PBCT,People`s United Financial Inc,1990-03-26,2022-04-04,NASDAQ,3107,2008-11-13,2022-03-02,"2010,2011,2012,2013,2014,2015,2016,2017,2018,2019,2020,2021",downloaded
PBG,PEPSI BOTTLING GROUP INC,2001-01-02,2011-03-07,NYSE,318,2001-05-14,2010-02-26,2010,downloaded
PCL,PGIM CORPORATE BOND 10+ YEAR ETF ,1989-06-02,2026-10-07,BATS,1869,2002-01-17,2016-02-16,"2010,2011,2012,2013,2014,2015,2016",downloaded
PCP,Precision Castparts Corp,2016-01-04,2016-02-08,NYSE,0,2007-06-01,2016-01-26,"2010,2011,2012,2013,2014,2015,2016",range does not cover index window
PDCO,Patterson Companies Inc,1992-10-28,2025-04-17,NASDAQ,3869,2005-10-11,2018-03-16,"2010,2011,2012,2013,2014,2015,2016,2017,2018",downloaded
PEAK,PEAK INTERNATIONAL LTD,2023-02-10,2023-02-13,NASDAQ,0,2019-11-05,2024-02-01,"2020,2021",range does not cover index window
PETM,PetSmart Inc,1993-07-23,2015-03-11,NASDAQ,1327,2012-10-05,2015-03-11,"2013,2014,2015",downloaded
PGN,Paragon Offshore plc,2014-07-21,2015-12-17,OTCMKTS,0,1996-01-02,2012-06-29,"2010,2011,2012",range does not cover index window
PKI,,,,NYSE,0,1996-01-02,2023-05-04,"2010,2011,2012,2013,2014,2015,2016,2017,2018,2019,2020,2021",no price data
PLL,Piedmont Lithium Inc,2018-01-02,2025-08-29,NASDAQ,0,1996-01-02,2015-08-25,"2010,2011,2012,2013,2014,2015",range does not cover index window
POM,Pomdoctor Ltd,2025-10-08,2026-10-07,NASDAQ,0,2007-11-09,2016-03-18,"2010,2011,2012,2013,2014,2015,2016",range does not cover index window
PTV,PACTIV CORP,,,OTCMKTS,0,1999-11-05,2010-11-08,2010,no price data
PX,Praxair Inc,1992-06-17,2018-10-30,NYSE,2245,1996-01-02,2018-10-25,"2010,2011,2012,2013,2014,2015,2016,2017,2018",downloaded
PXD,Pioneer Natural Resources Company,1997-08-08,2024-05-03,NYSE,3630,2008-09-24,2024-04-02,"2010,2011,2012,2013,2014,2015,2016,2017,2018,2019,2020,2021",downloaded
Q,Qnity Electronics Inc,2025-11-03,2026-10-07,NYSE,0,2000-07-06,2026-08-18,"2010,2011",range does not cover index window
QEP,QEP Resources Inc,2010-06-16,2021-03-18,NYSE,2708,2010-07-01,2015-06-30,"2011,2012,2013,2014,2015",downloaded
QLGC,QLogic Corp,2016-01-04,2016-08-24,NASDAQ,0,2000-12-12,2011-01-12,"2010,2011",range does not cover index window
RAI,Reynolds American Inc,1999-06-01,2017-08-17,NYSE,1942,2002-09-04,2017-07-20,"2010,2011,2012,2013,2014,2015,2016,2017",downloaded
RDC,Rowan Companies PLC,1983-04-06,2019-04-11,NYSE,2356,1996-01-02,2014-08-13,"2010,2011,2012,2013,2014",downloaded
RE,,,,NYSE,0,2017-06-19,2023-06-20,"2018,2019,2020,2021",no price data
RHT,Red Hat Inc,1999-08-11,2019-07-08,NYSE,2415,2009-07-27,2019-07-01,"2010,2011,2012,2013,2014,2015,2016,2017,2018,2019",downloaded
RRD,R.R. Donnelley & Sons Company,1985-07-01,2022-02-25,NASDAQ,3081,1996-01-02,2012-12-07,"2010,2011,2012",downloaded
RSHCQ,RadioShack Corp,2015-02-03,2015-10-08,PINK,0,1996-01-02,2011-06-30,"2010,2011",range does not cover index window
RTN,Raytheon Company,1981-12-31,2020-04-03,NYSE,2603,1996-01-02,2020-04-03,"2010,2011,2012,2013,2014,2015,2016,2017,2018,2019,2020",downloaded
RX,IMS HEALTH INC,,,NYSE,0,1996-11-04,2010-02-23,2010,no price data
S,SentinelOne Inc - Class A,2021-06-30,2026-10-07,NYSE,0,1996-01-02,2013-07-02,"2010,2011,2012,2013",range does not cover index window
SCG,SCANA Corp,1987-12-30,2018-12-31,NYSE,2286,2009-01-02,2018-12-24,"2010,2011,2012,2013,2014,2015,2016,2017,2018",downloaded
SE,Sea Ltd,2017-10-20,2026-10-07,NYSE,0,2007-01-03,2017-02-24,"2010,2011,2012,2013,2014,2015,2016,2017",range does not cover index window
SEE,Sealed Air Corp,1987-12-30,2026-04-09,NYSE,4113,1998-04-01,2023-10-18,"2010,2011,2012,2013,2014,2015,2016,2017,2018,2019,2020,2021",downloaded
SHLD,GLOBAL X DEFENSE TECH ETF ,2023-09-13,2026-10-07,NYSE,0,2005-03-28,2012-08-23,"2010,2011,2012",range does not cover index window
SIAL,SigmaAldrich Corp,1990-03-26,2015-11-18,NASDAQ,1503,1996-01-02,2015-11-17,"2010,2011,2012,2013,2014,2015",downloaded
SII,Sprott Inc,2020-06-29,2026-10-07,NYSE,0,2006-10-02,2010-08-19,2010,range does not cover index window
SIVB,,,,,0,2018-03-19,2023-01-04,"2019,2020,2021",no price data
SNDK,Sandisk Corp,2025-02-24,2026-10-07,NASDAQ,0,2006-04-20,2026-08-18,"2010,2011,2012,2013,2014,2015,2016",range does not cover index window
SNI,Scripps Networks Interactive Inc,2008-06-12,2018-03-16,NYSE,2087,2008-07-01,2018-02-28,"2010,2011,2012,2013,2014,2015,2016,2017,2018",downloaded
SPLS,PIMCO US Stocks PLUS Active Bond Exchange Traded Fund,2026-01-16,2026-10-07,BATS,0,1998-10-07,2017-09-12,"2010,2011,2012,2013,2014,2015,2016,2017",range does not cover index window
SRCL,Stericycle Inc,1996-08-23,2024-11-04,NASDAQ,3757,2008-11-19,2018-11-29,"2010,2011,2012,2013,2014,2015,2016,2017,2018",downloaded
STI,Solidion Technology Inc,2024-02-02,2026-10-07,NASDAQ,0,1996-01-02,2019-12-05,"2010,2011,2012,2013,2014,2015,2016,2017,2018,2019",range does not cover index window
STJ,St Jude Medical Inc,1989-12-07,2017-01-18,NYSE,1795,1996-01-02,2017-01-03,"2010,2011,2012,2013,2014,2015,2016,2017",downloaded
STR,Sitio Royalties Corp - Class A,2017-09-08,2025-08-18,NYSE,0,2006-12-01,2010-06-29,2010,range does not cover index window
SUN,Sunoco LP,2012-09-20,2026-10-07,NYSE,0,1996-01-02,2012-10-04,"2010,2011,2012",range does not cover index window
SUNEQ,Sunedison Inc,2016-01-04,2017-12-29,PINK,0,2007-05-31,2011-12-14,"2010,2011",range does not cover index window
SVU,SUPERVALU INC.,1985-07-01,2018-12-14,NYSE,2274,1996-01-02,2012-04-30,"2010,2011,2012",downloaded
SWN,Southwestern Energy Company,1987-12-30,2024-10-01,NYSE,3733,2008-06-06,2017-03-30,"2010,2011,2012,2013,2014,2015,2016,2017",downloaded
SWY,Safeway Inc,1990-04-26,2015-02-09,NYSE,1306,1998-11-13,2015-01-15,"2010,2011,2012,2013,2014,2015",downloaded
SYMC,,,,,0,2003-03-31,2019-10-18,"2010,2011,2012,2013,2014,2015,2016,2017,2018,2019",no price data
TE,T1 Energy Inc,2021-07-08,2026-10-07,NYSE,0,2001-10-10,2016-06-27,"2010,2011,2012,2013,2014,2015,2016",range does not cover index window
TEG,Integrys Energy Group Inc,1988-01-05,2015-06-29,NYSE,1403,2007-02-22,2015-06-24,"2010,2011,2012,2013,2014,2015",downloaded
TGNA,TEGNA Inc,1985-07-01,2026-03-20,NYSE,4100,1996-01-02,2017-05-23,"2010,2011,2012,2013,2014,2015,2016,2017",downloaded
TIE,Titanium Metals Corp,2006-12-28,2013-01-07,NYSE,780,2007-10-29,2012-12-21,"2010,2011,2012",downloaded
TIF,Tiffany & Company,1987-12-30,2021-01-08,NYSE,2796,2000-06-21,2020-12-21,"2010,2011,2012,2013,2014,2015,2016,2017,2018,2019,2020,2021",downloaded
TLAB,Tellabs Inc,,,NASDAQ,0,1996-01-02,2011-12-20,"2010,2011",no price data
TMK,TAMASKA OIL AND GAS LTD,,,ASX,0,1996-01-02,2019-07-15,"2010,2011,2012,2013,2014,2015,2016,2017,2018,2019",no price data
TSS,GRANITESHARES 1X SHORT TSLA DAILY ETF ,1989-06-30,2019-09-17,NYSE,2465,2008-01-02,2019-08-09,"2010,2011,2012,2013,2014,2015,2016,2017,2018,2019",downloaded
TWC,Time Warner Cable Inc,2007-03-01,2016-05-17,NYSE,1626,2009-03-30,2016-05-17,"2010,2011,2012,2013,2014,2015,2016",downloaded
TWTR,Twitter Inc,2013-11-07,2022-10-28,NYSE,2260,2018-06-07,2022-10-12,"2019,2020,2021",downloaded
TWX,Time Warner Inc,1992-03-19,2018-06-15,NYSE,2150,1996-01-02,2018-06-14,"2010,2011,2012,2013,2014,2015,2016,2017,2018",downloaded
UTX,,,,,0,1996-01-02,2020-03-03,"2010,2011,2012,2013,2014,2015,2016,2017,2018,2019,2020",no price data
VAR,Varian Medical Systems Inc,1988-01-05,2021-04-16,NYSE,2863,2007-02-12,2021-03-22,"2010,2011,2012,2013,2014,2015,2016,2017,2018,2019,2020,2021",downloaded
VIAB,Viacom Inc,2005-12-05,2019-12-04,NASDAQ,2520,2006-01-03,2019-11-21,"2010,2011,2012,2013,2014,2015,2016,2017,2018,2019",downloaded
VIAC,CBS Corp,2005-12-05,2019-12-04,NYSE,0,2019-12-05,2022-02-15,"2020,2021",range does not cover index window
WBA,Walgreens Boots Alliance Inc,1985-07-01,2025-08-28,NASDAQ,3960,1996-01-02,2025-08-08,"2010,2011,2012,2013,2014,2015,2016,2017,2018,2019,2020,2021",downloaded
WCG,WellCare Health Plans Inc,2004-07-01,2020-01-23,NYSE,2553,2018-09-17,2019-12-23,"2019,2020",downloaded
WFM,Whole Foods Market Inc,1992-01-23,2017-08-28,NASDAQ,1949,2006-01-03,2017-08-17,"2010,2011,2012,2013,2014,2015,2016,2017",downloaded
WIN,Garden Stage Ltd,2023-12-01,2026-10-07,NASDAQ,0,2006-07-18,2015-03-31,"2010,2011,2012,2013,2014,2015",range does not cover index window
WLTW,,,,NASDAQ,0,2016-01-05,2021-12-20,"2017,2018,2019,2020,2021",no price data
WPX,WPX Energy Inc,2011-12-12,2021-01-14,NYSE,2288,2012-01-03,2014-03-12,"2012,2013,2014",downloaded
WRK,WRKR LTD,2024-07-05,2024-07-05,ASX,0,2015-07-02,2024-06-24,"2016,2017,2018,2019,2020,2021",range does not cover index window
WYND,,,,,0,2006-08-01,2018-05-24,"2010,2011,2012,2013,2014,2015,2016,2017,2018",no price data
X,United States Steel Corp,1991-04-12,2025-06-18,NYSE,3911,1996-01-02,2014-07-01,"2010,2011,2012,2013,2014",downloaded
XEC,Cimarex Energy Company,2002-09-25,2021-10-04,NYSE,2981,2014-06-20,2020-01-28,"2015,2016,2017,2018,2019,2020",downloaded
XL,XL Group plc,1991-07-19,2018-09-13,NYSE,2212,2001-09-04,2018-09-11,"2010,2011,2012,2013,2014,2015,2016,2017,2018",downloaded
XLNX,Xilinx Inc,1990-06-18,2022-02-14,NASDAQ,3073,1999-11-08,2022-02-02,"2010,2011,2012,2013,2014,2015,2016,2017,2018,2019,2020,2021",downloaded
XTO,XTO ENERGY INC,2001-01-02,2013-02-07,OTCMKTS,802,2004-12-29,2010-06-21,2010,downloaded
