atomic_number,symbol,element_name,ci_atomic_abundance,ci_atomic_sigma,mean_atomic_weight,ci_mass_fraction,ci_mass_percent,ci_mass_ppm,price_usd_per_kg,price_date,price_source,price_quality,log_mass_abundance,log_price,predicted_log_price,regression_residual
1,H,Hydrogen,4830000.0,450000.0,1.0078448556824207,0.018606499222879287,1.8606499222879287,18606.499222879287,,,,excluded,-1.7303353308565574,,,
2,He,Helium,0.599,,4.002439455611863,9.163796758388616e-09,9.163796758388616e-07,0.009163796758388616,,,,excluded,-8.037924551487128,,,
3,Li,Lithium,56.9,3.4,6.940046603668963,1.5093797120197132e-06,0.00015093797120197132,1.5093797120197132,,,,excluded,-5.821201491774794,,,
4,Be,Beryllium,0.637,0.044,9.01218291,2.1942862658940635e-08,2.1942862658940635e-06,0.021942862658940635,,,,excluded,-7.6587067151440875,,,
5,B,Boron,18.0,1.3,10.8117554053493,7.438623403886818e-07,7.438623403886818e-05,0.7438623403886818,,,,excluded,-6.128507427815871,,,
6,C,Carbon,944000.0,179000.0,12.010388846941291,0.043336408622404246,4.333640862240425,43336.40862240425,,,,excluded,-1.3631470824047311,,,
7,N,Nitrogen,44830.0,9700.0,14.005324647710609,0.002399859265569416,0.23998592655694162,2399.859265569416,,,,excluded,-2.6198142257795234,,,
8,O,Oxygen,7380000.0,130000.0,15.99904150874333,0.45130919503231626,45.130919503231624,451309.19503231626,,,,excluded,-0.34552581801737897,,,
9,F,Fluorine,1270.0,275.0,18.9984031655,9.222415305724349e-05,0.00922241530572435,92.2241530572435,,,,excluded,-4.035155324436801,,,
10,Ne,Neon,0.00234,,20.1276350541071,1.8002485168651266e-10,1.8002485168651265e-08,0.00018002485168651267,,,,excluded,-9.744667538200455,,,
11,Na,Sodium,57800.0,4700.0,22.9897692811,0.005079094652102688,0.5079094652102688,5079.094652102688,,,,excluded,-2.294213693746935,,,
12,Mg,Magnesium,1030000.0,44000.0,24.30498175862634,0.09568775803297688,9.568775803297688,95687.75803297688,,,,excluded,-1.0191436208313733,,,
13,Al,Aluminium,81820.0,6110.0,26.981538594,0.008438204404524207,0.8438204404524207,8438.204404524207,3.446403846153846,2026-09-23,Yahoo Finance,benchmark,-2.073749958607878,0.5373661662866608,0.2942101803491046,0.24315598593755616
14,Si,Silicon,1000000.0,34000.0,28.0853836655417,0.10735053570500883,10.735053570500883,107350.53570500882,,,,excluded,-0.9691957839883403,,,
15,P,Phosphorus,8260.0,530.0,30.97376200041,0.0009779076853903199,0.09779076853903199,977.9076853903199,,,,excluded,-3.009702140731678,,,
16,S,Sulfur,437000.0,26000.0,32.06387932749843,0.05355763082974495,5.355763082974494,53557.63082974495,,,,excluded,-1.2711786426444511,,,
17,Cl,Chlorine,5290.0,810.0,35.45284372008058,0.0007168538190494233,0.07168538190494232,716.8538190494232,,,,excluded,-3.1445693967070256,,,
18,Ar,Argon,0.00959,,36.27537812524259,1.3297022703549428e-09,1.329702270354943e-07,0.0013297022703549427,,,,excluded,-8.876245589722174,,,
19,K,Potassium,3610.0,190.0,39.09946879156969,0.0005395130002015559,0.05395130002015559,539.5130002015559,,,,excluded,-3.26799808601763,,,
20,Ca,Calcium,57239.0,4500.0,40.078022533885196,0.008768436836555961,0.8768436836555961,8768.43683655596,,,,excluded,-2.057077822114733,,,
21,Sc,Scandium,33.7,2.2,44.955911900000004,5.790826689019905e-06,0.0005790826689019905,5.790826689019904,,,,excluded,-5.237259432671293,,,
22,Ti,Titanium,2460.0,150.0,47.8668886953549,0.0004500846085893413,0.04500846085893413,450.0846085893413,,,,excluded,-3.3467058382479435,,,
23,V,Vanadium,275.0,18.0,50.94147048790299,5.3546122359950573e-05,0.005354612235995058,53.54612235995057,,,,excluded,-4.271271973919915,,,
24,Cr,Chromium,13130.0,460.0,51.99611909841759,0.002609513277486337,0.26095132774863367,2609.513277486337,,,,excluded,-2.5834404890655125,,,
25,Mn,Manganese,9090.0,620.0,54.93804512,0.0019088022573611916,0.19088022573611915,1908.8022573611916,,,,excluded,-2.7192390600741265,,,
26,Fe,Iron,872000.0,38000.0,55.845144583095596,0.18613402108978191,18.613402108978192,186134.02108978192,0.157363286289385,2026-09-23,Investing.com daily snapshot,proxy,-0.7301742404039201,-0.8030965834239819,,
27,Co,Cobalt,2260.0,100.0,58.933195059999996,0.0005090873212556297,0.05090873212556297,509.0873212556297,,,,excluded,-3.2932077188677567,,,
28,Ni,Nickel,48670.0,2940.0,58.6933519579479,0.010918779957273587,1.0918779957273588,10918.779957273588,16.77245662560096,2026-09-23,Investing.com daily snapshot,benchmark,-1.9618258861207774,1.2245966774424357,0.21835108536343362,1.006245592079002
29,Cu,Copper,535.0,50.0,63.545560157424404,0.00012994598019770007,0.012994598019770006,129.94598019770007,14.188391580731125,2026-09-23,Yahoo Finance,benchmark,-3.8862371505989763,1.1519331659152132,1.5226647478275281,-0.3707315819123149
30,Zn,Zinc,1260.0,180.0,65.37776549374045,0.0003148650619477226,0.03148650619477226,314.8650619477226,3.921765625,2026-09-23,Yahoo Finance,benchmark,-3.5018755268677966,0.5934816355299581,1.2621548836351693,-0.6686732481052111
31,Ga,Gallium,36.2,1.8,69.7230680797011,9.64736955368711e-06,0.000964736955368711,9.64736955368711,,,,excluded,-5.015591085002939,,,
32,Ge,Germanium,120.0,7.0,72.62958875242656,3.33133790307027e-05,0.0033313379030702702,33.313379030702706,,,,excluded,-4.4773813138725975,,,
33,As,Arsenic,6.07,0.5,74.9215965,1.7382793430451056e-06,0.00017382793430451056,1.7382793430451056,,,,excluded,-5.759880430767307,,,
34,Se,Selenium,67.6,5.0,78.97168087941174,2.0405250602404563e-05,0.0020405250602404564,20.405250602404564,,,,excluded,-4.6902580671699,,,
35,Br,Bromine,12.3,2.9,79.90360788899,3.7566034749488767e-06,0.0003756603474948877,3.756603474948877,,,,excluded,-5.425204644098177,,,
36,Kr,Krypton,0.000163,,83.79283539281597,5.220575077731873e-11,5.220575077731873e-09,5.220575077731873e-05,,,,excluded,-10.282281654214364,,,
37,Rb,Rubidium,7.04,0.46,84.9117897428,2.2848858546775095e-06,0.00022848858546775097,2.2848858546775097,,,,excluded,-5.641135490964772,,,
38,Sr,Strontium,23.4,1.3,87.61750433131866,7.836652532692572e-06,0.0007836652532692573,7.836652532692573,,,,excluded,-5.105869408875773,,,
39,Y,Yttrium,4.35,0.24,88.9058483,1.4782348683026929e-06,0.0001478234868302693,1.478234868302693,,,,excluded,-5.830256557886967,,,
40,Zr,Zirconium,10.9,1.0,91.08863593311797,3.7950242157101193e-06,0.0003795024215710119,3.7950242157101193,,,,excluded,-5.420785448565411,,,
41,Nb,Niobium,0.78,0.07,92.9063781,2.769899343733496e-07,2.769899343733496e-05,0.27698993437334957,,,,excluded,-6.557536012616194,,,
42,Mo,Molybdenum,2.6,0.26,95.5301291085587,9.493745113306805e-07,9.493745113306805e-05,0.9493745113306805,,,,excluded,-6.022562432336462,,,
43,Tc,,,,,,,,,,,excluded,,,,
44,Ru,Ruthenium,1.81,0.02,101.0650880897617,6.992034922095848e-07,6.992034922095849e-05,0.6992034922095849,,,,excluded,-6.155396411261004,,,
45,Rh,Rhodium,0.338,0.015,102.90550430000002,1.329471894371031e-07,1.3294718943710309e-05,0.1329471894371031,,,,excluded,-6.876320839414469,,,
46,Pd,Palladium,1.38,0.07,106.41532916551,5.613156283094835e-07,5.6131562830948346e-05,0.5613156283094834,,,,excluded,-6.2507928658614205,,,
47,Ag,Silver,0.497,0.022,107.8681467305264,2.0491486344066525e-07,2.0491486344066525e-05,0.20491486344066526,2008.65003439318,2026-09-23,Yahoo Finance,benchmark,-6.688426539030979,3.3029042765334564,3.4219125705816715,-0.11900829404821511
48,Cd,Cadmium,1.58,0.06,112.01081808747291,6.764581150833658e-07,6.764581150833658e-05,0.6764581150833658,,,,excluded,-6.1697590888687435,,,
49,In,Indium,0.179,0.008,112.9040574,7.724785614181595e-08,7.724785614181594e-06,0.07724785614181595,,,,excluded,-7.112113564701822,,,
50,Sn,Tin,3.59,0.22,118.710350043529,1.6289467561972017e-06,0.00016289467561972018,1.6289467561972018,53.753079365079365,2026-09-23,Investing.com daily snapshot,benchmark,-5.788093110822033,1.7304033488286554,2.8116910379694735,-1.081287689140818
51,Sb,Antimony,0.359,0.045,121.759726120621,1.6707903803410355e-07,1.6707903803410355e-05,0.16707903803410354,,,,excluded,-6.777078033871863,,,
52,Te,Tellurium,4.72,0.23,125.07744674398023,2.2565494800464177e-06,0.00022565494800464177,2.256549480046418,,,,excluded,-5.646555139132302,,,
53,I,Iodine,1.59,0.64,126.90447279999998,7.712548508532026e-07,7.712548508532025e-05,0.7712548508532026,,,,excluded,-6.112802091429168,,,
54,Xe,Xenon,0.000347,,130.78649062851787,1.7346673984247005e-10,1.7346673984247005e-08,0.00017346673984247005,,,,excluded,-9.760783783625804,,,
55,Cs,Caesium,0.368,0.043,132.90545196,1.8694526526757148e-07,1.869452652675715e-05,0.1869452652675715,,,,excluded,-6.728285529676417,,,
56,Ba,Barium,4.55,0.27,137.32691589859968,2.388311217185182e-06,0.00023883112171851822,2.388311217185182,,,,excluded,-5.621909081604823,,,
57,La,Lanthanum,0.459,0.024,138.90543802723383,2.437001457135749e-07,2.437001457135749e-05,0.2437001457135749,,,,excluded,-6.613144211141157,,,
58,Ce,Cerium,1.16,0.05,139.89704836744008,6.202837385801933e-07,6.202837385801933e-05,0.6202837385801934,,,,excluded,-6.207409604192863,,,
59,Pr,Praseodymium,0.175,0.012,140.9076525,9.42532823537532e-08,9.42532823537532e-06,0.0942532823537532,,,,excluded,-7.025703516630914,,,
60,Nd,Neodymium,0.865,0.022,143.90755983594482,4.7579905113890124e-07,4.757990511389012e-05,0.47579905113890125,,,,excluded,-6.322576428388602,,,
61,Pm,,,,,,,,,,,excluded,,,,
62,Sm,Samarium,0.271,0.012,150.36327566316402,1.5575246335751221e-07,1.557524633575122e-05,0.15575246335751222,,,,excluded,-6.8075650758783315,,,
63,Eu,Europium,0.1,0.005,151.96437047419,5.8085218890899126e-08,5.808521889089913e-06,0.058085218890899126,,,,excluded,-7.235934369689277,,,
64,Gd,Gadolinium,0.346,0.013,157.2520475977856,2.0796787916346088e-07,2.079678791634609e-05,0.20796787916346088,,,,excluded,-6.682003737053082,,,
65,Tb,Terbium,0.0625,0.0025,158.9253468,3.7966192039723495e-08,3.7966192039723494e-06,0.0379661920397235,,,,excluded,-7.420602959854367,,,
66,Dy,Dysprosium,0.407,0.016,162.4997626685505,2.527964641798379e-07,2.5279646417983787e-05,0.25279646417983787,,,,excluded,-6.597229004748531,,,
67,Ho,Holmium,0.0891,0.0035,164.9303221,5.6169695063711745e-08,5.616969506371175e-06,0.05616969506371174,,,,excluded,-7.25049793383272,,,
68,Er,Erbium,0.256,0.009,167.259076359963,1.6366413311718228e-07,1.6366413311718227e-05,0.16366413311718228,,,,excluded,-6.786046485499406,,,
69,Tm,Thulium,0.0403,0.0014,168.9342133,2.6022350061468197e-08,2.6022350061468196e-06,0.026022350061468198,,,,excluded,-7.584653485151809,,,
70,Yb,Ytterbium,0.252,0.009,173.0544615548788,1.6668909787999312e-07,1.666890978799931e-05,0.16668909787999311,,,,excluded,-6.778092803803618,,,
71,Lu,Lutetium,0.038,0.0018,174.94077119999997,2.540963861085983e-08,2.540963861085983e-06,0.02540963861085983,,,,excluded,-7.595001511668462,,,
72,Hf,Hafnium,0.155,0.011,178.48656576139666,1.0574530315182956e-07,1.0574530315182956e-05,0.10574530315182956,,,,excluded,-6.975738913414319,,,
73,Ta,Tantalum,0.0215,0.001,180.9478756362269,1.4870165554241459e-08,1.487016555424146e-06,0.01487016555424146,,,,excluded,-7.8276841963137365,,,
74,W,Tungsten,0.144,0.013,183.84169788737006,1.0118831625352325e-07,1.0118831625352324e-05,0.10118831625352324,,,,excluded,-6.994869630574856,,,
75,Re,Rhenium,0.0521,0.0042,184.9529549,3.6831792266469215e-08,3.6831792266469214e-06,0.03683179226646922,,,,excluded,-7.433777147490478,,,
76,Os,Osmium,0.655,0.04,190.24769452812745,4.7630436064820825e-07,4.7630436064820825e-05,0.47630436064820825,,,,excluded,-6.322115442429654,,,
77,Ir,Iridium,0.633,0.029,192.216617105144,4.6507018102774826e-07,4.650701810277483e-05,0.4650701810277483,,,,excluded,-6.332481505318115,,,
78,Pt,Platinum,1.24,0.1,195.08394510860884,9.246280616163409e-07,9.24628061616341e-05,0.9246280616163409,55101.63103156373,2026-09-23,Yahoo Finance,benchmark,-6.034032930257448,4.7411644543422415,2.97838236458699,1.7627820897552517
79,Au,Gold,0.195,0.016,196.96656867,1.468084270568695e-07,1.4680842705686948e-05,0.1468084270568695,137744.03681042857,2026-09-23,Yahoo Finance,benchmark,-6.833249014452272,5.139072806533748,3.5200693091180577,1.6190034974156902
80,Hg,Mercury,0.376,0.156,200.5923998779403,2.882877404301938e-07,2.882877404301938e-05,0.2882877404301938,,,,excluded,-6.540173825793284,,,
81,Tl,Thallium,0.179,0.015,204.383332426508,1.398370849077018e-07,1.3983708490770181e-05,0.1398370849077018,,,,excluded,-6.854377638068476,,,
82,Pb,Lead,3.33,0.2,207.3188697745607,2.6388027078538836e-06,0.00026388027078538834,2.6388027078538836,1.897628774789664,2026-09-23,Investing.com daily snapshot,benchmark,-5.578593078932423,0.2782112571803855,2.669697609161326,-2.3914863519809404
83,Bi,Bismuth,0.141,0.01,,,,,,,,excluded,,,,
90,Th,Thorium,0.0336,0.0017,,,,,,,,excluded,,,,
92,U,Uranium,0.00897,0.00064,,,,,,,,excluded,,,,
