Country,Region,Moody's rating,Rating-based Default Spread,Total Equity Risk Premium,Country Risk Premium
Abu Dhabi,Middle East,Aa2,0.003930215,0.048109501,0.006109501
Albania,Eastern Europe & Russia,Ba3,0.02863442,0.086512078,0.044512078
Andorra (Principality of),Western Europe,Baa1,0.012726409,0.061783146,0.019783146
Angola,Africa,B3,0.051747824,0.122441762,0.080441762
Argentina,Central and South America,Caa1,0.05970183,0.134806228,0.092806228
Armenia,Eastern Europe & Russia,Ba3,0.02863442,0.086512078,0.044512078
Aruba,Caribbean,Baa3,0.017498812,0.069201825,0.027201825
Australia,Australia & New Zealand,Aaa,0,0.042,0
Austria,Western Europe,Aa1,0.002186354,0.045398677,0.003398677
Azerbaijan,Eastern Europe & Russia,Baa3,0.017498812,0.069201825,0.027201825
Bahamas,Caribbean,Ba3,0.02863442,0.086512078,0.044512078
Bahrain,Middle East,B2,0.043793819,0.110077296,0.068077296
Bangladesh,Asia,B2,0.043793819,0.110077296,0.068077296
Barbados,Caribbean,C,0.175,0.314036717,0.272036717
Belarus,Eastern Europe & Russia,C,0.175,0.314036717,0.272036717
Belgium,Western Europe,A1,0.005614592,0.050727858,0.008727858
Belize,Central and South America,Caa1,0.05970183,0.134806228,0.092806228
Benin,Africa,B1,0.035839813,0.097712829,0.055712829
Bermuda,Caribbean,A1,0.005614592,0.050727858,0.008727858
Bolivia,Central and South America,Caa3,0.079633632,0.165790125,0.123790125
Bosnia and Herzegovina,Eastern Europe & Russia,B3,0.051747824,0.122441762,0.080441762
Botswana,Africa,Baa1,0.012726409,0.061783146,0.019783146
Brazil,Central and South America,Ba1,0.019931802,0.072983897,0.030983897
Bulgaria,Eastern Europe & Russia,Baa1,0.012726409,0.061783146,0.019783146
Burkina Faso,Africa,Caa1,0.05970183,0.134806228,0.092806228
Cambodia,Asia,B2,0.043793819,0.110077296,0.068077296
Cameroon,Africa,Caa1,0.05970183,0.134806228,0.092806228
Canada,North America,Aaa,0,0.042,0
Cape Verde,Africa,B1,0.035839813,0.097712829,0.055712829
Cayman Islands,Caribbean,Aa3,0.004772403,0.04941868,0.00741868
Chile,Central and South America,A2,0.006737511,0.05247343,0.01047343
China,Asia,A1,0.005614592,0.050727858,0.008727858
Colombia,Central and South America,Baa3,0.017498812,0.069201825,0.027201825
Congo (Democratic Republic of),Africa,B3,0.051747824,0.122441762,0.080441762
Congo (Republic of),Africa,Caa2,0.071679627,0.153425659,0.111425659
Cook Islands,Australia & New Zealand,Ba3,0.02863442,0.086512078,0.044512078
Costa Rica,Central and South America,Ba3,0.02863442,0.086512078,0.044512078
Côte d'Ivoire,Africa,Ba2,0.023955593,0.079238862,0.037238862
Croatia,Eastern Europe & Russia,A3,0.009544807,0.056837359,0.014837359
Cuba,Caribbean,Ca,0.095541643,0.190519057,0.148519057
Curacao,Caribbean,Baa3,0.017498812,0.069201825,0.027201825
Cyprus,Western Europe,A3,0.009544807,0.056837359,0.014837359
Czech Republic,Eastern Europe & Russia,Aa3,0.004772403,0.04941868,0.00741868
Denmark,Western Europe,Aaa,0,0.042,0
Dominican Republic,Caribbean,Ba2,0.023955593,0.079238862,0.037238862
Ecuador,Central and South America,Caa1,0.05970183,0.134806228,0.092806228
Egypt,Africa,Caa1,0.05970183,0.134806228,0.092806228
El Salvador,Central and South America,B3,0.051747824,0.122441762,0.080441762
Estonia,Eastern Europe & Russia,A1,0.005614592,0.050727858,0.008727858
Ethiopia,Africa,Caa3,0.079633632,0.165790125,0.123790125
Fiji,Asia,B1,0.035839813,0.097712829,0.055712829
Finland,Western Europe,Aa1,0.002186354,0.045398677,0.003398677
France,Western Europe,Aa3,0.004772403,0.04941868,0.00741868
Gabon,Africa,Caa2,0.071679627,0.153425659,0.111425659
Georgia,Eastern Europe & Russia,Ba2,0.023955593,0.079238862,0.037238862
Germany,Western Europe,Aaa,0,0.042,0
Ghana,Africa,Caa1,0.05970183,0.134806228,0.092806228
Greece,Western Europe,Baa3,0.017498812,0.069201825,0.027201825
Guatemala,Central and South America,Ba1,0.019931802,0.072983897,0.030983897
Guernsey (States of),Western Europe,A1,0.005614592,0.050727858,0.008727858
Honduras,Central and South America,B1,0.035839813,0.097712829,0.055712829
Hong Kong,Asia,Aa3,0.004772403,0.04941868,0.00741868
Hungary,Eastern Europe & Russia,Baa2,0.015159399,0.065565218,0.023565218
Iceland,Western Europe,A1,0.005614592,0.050727858,0.008727858
India,Asia,Baa3,0.017498812,0.069201825,0.027201825
Indonesia,Asia,Baa2,0.015159399,0.065565218,0.023565218
Iraq,Middle East,Caa1,0.05970183,0.134806228,0.092806228
Ireland,Western Europe,Aa3,0.004772403,0.04941868,0.00741868
Isle of Man,Western Europe,Aa3,0.004772403,0.04941868,0.00741868
Israel,Middle East,Baa1,0.012726409,0.061783146,0.019783146
Italy,Western Europe,Baa2,0.015159399,0.065565218,0.023565218
Jamaica,Caribbean,Ba3,0.02863442,0.086512078,0.044512078
Japan,Asia,A1,0.005614592,0.050727858,0.008727858
Jersey (States of),Western Europe,Aa3,0.004772403,0.04941868,0.00741868
Jordan,Middle East,Ba3,0.02863442,0.086512078,0.044512078
Kazakhstan,Eastern Europe & Russia,Baa1,0.012726409,0.061783146,0.019783146
Kenya,Africa,B3,0.051747824,0.122441762,0.080441762
Korea,Asia,Aa2,0.003930215,0.048109501,0.006109501
Kuwait,Middle East,A1,0.005614592,0.050727858,0.008727858
Kyrgyzstan,Eastern Europe & Russia,B3,0.051747824,0.122441762,0.080441762
Laos,Asia,Caa2,0.071679627,0.153425659,0.111425659
Latvia,Eastern Europe & Russia,A3,0.009544807,0.056837359,0.014837359
Lebanon,Middle East,C,0.175,0.314036717,0.272036717
Liechtenstein,Western Europe,Aaa,0,0.042,0
Lithuania,Eastern Europe & Russia,A2,0.006737511,0.05247343,0.01047343
Luxembourg,Western Europe,Aaa,0,0.042,0
Macao,Asia,Aa3,0.004772403,0.04941868,0.00741868
Macedonia,Eastern Europe & Russia,Ba3,0.02863442,0.086512078,0.044512078
Malaysia,Asia,A3,0.009544807,0.056837359,0.014837359
Maldives,Asia,Caa2,0.071679627,0.153425659,0.111425659
Mali,Africa,Caa2,0.071679627,0.153425659,0.111425659
Malta,Western Europe,A2,0.006737511,0.05247343,0.01047343
Mauritius,Africa,Baa3,0.017498812,0.069201825,0.027201825
Mexico,Central and South America,Baa3,0.017498812,0.069201825,0.027201825
Moldova,Eastern Europe & Russia,B2,0.043793819,0.110077296,0.068077296
Mongolia,Asia,B1,0.035839813,0.097712829,0.055712829
Montenegro,Eastern Europe & Russia,Ba3,0.02863442,0.086512078,0.044512078
Montserrat,Caribbean,Baa3,0.017498812,0.069201825,0.027201825
Morocco,Africa,Ba1,0.019931802,0.072983897,0.030983897
Mozambique,Africa,Caa2,0.071679627,0.153425659,0.111425659
Namibia,Africa,B1,0.035839813,0.097712829,0.055712829
Nepal,Asia,Ba3,0.02863442,0.086512078,0.044512078
Netherlands,Western Europe,Aaa,0,0.042,0
New Zealand,Australia & New Zealand,Aaa,0,0.042,0
Nicaragua,Central and South America,B2,0.043793819,0.110077296,0.068077296
Niger,Africa,Caa3,0.079633632,0.165790125,0.123790125
Nigeria,Africa,B3,0.051747824,0.122441762,0.080441762
Norway,Western Europe,Aaa,0,0.042,0
Oman,Middle East,Baa3,0.017498812,0.069201825,0.027201825
Pakistan,Asia,Caa1,0.05970183,0.134806228,0.092806228
Panama,Central and South America,Baa3,0.017498812,0.069201825,0.027201825
Papua New Guinea,Asia,B2,0.043793819,0.110077296,0.068077296
Paraguay,Central and South America,Ba1,0.019931802,0.072983897,0.030983897
Peru,Central and South America,Baa1,0.012726409,0.061783146,0.019783146
Philippines,Asia,Baa2,0.015159399,0.065565218,0.023565218
Poland,Eastern Europe & Russia,A2,0.006737511,0.05247343,0.01047343
Portugal,Western Europe,A3,0.009544807,0.056837359,0.014837359
Qatar,Middle East,Aa2,0.003930215,0.048109501,0.006109501
Ras Al Khaimah (Emirate of),Middle East,A3,0.009544807,0.056837359,0.014837359
Romania,Eastern Europe & Russia,Baa3,0.017498812,0.069201825,0.027201825
Rwanda,Africa,B2,0.043793819,0.110077296,0.068077296
Saudi Arabia,Middle East,Aa3,0.004772403,0.04941868,0.00741868
Senegal,Africa,Caa1,0.05970183,0.134806228,0.092806228
Serbia,Eastern Europe & Russia,Ba2,0.023955593,0.079238862,0.037238862
Sharjah,Middle East,Ba1,0.019931802,0.072983897,0.030983897
Singapore,Asia,Aaa,0,0.042,0
Slovakia,Eastern Europe & Russia,A3,0.009544807,0.056837359,0.014837359
Slovenia,Eastern Europe & Russia,A2,0.006737511,0.05247343,0.01047343
Solomon Islands,Asia,Caa1,0.05970183,0.134806228,0.092806228
South Africa,Africa,Ba2,0.023955593,0.079238862,0.037238862
Spain,Western Europe,A3,0.009544807,0.056837359,0.014837359
Sri Lanka,Asia,Caa1,0.05970183,0.134806228,0.092806228
St. Maarten,Caribbean,Ba2,0.023955593,0.079238862,0.037238862
St. Vincent & the Grenadines,Caribbean,B3,0.051747824,0.122441762,0.080441762
Suriname,Central and South America,Caa1,0.05970183,0.134806228,0.092806228
Swaziland,Africa,B2,0.043793819,0.110077296,0.068077296
Sweden,Western Europe,Aaa,0,0.042,0
Switzerland,Western Europe,Aaa,0,0.042,0
Taiwan,Asia,Aa3,0.004772403,0.04941868,0.00741868
Tajikistan,Eastern Europe & Russia,B2,0.043793819,0.110077296,0.068077296
Tanzania,Africa,B1,0.035839813,0.097712829,0.055712829
Thailand,Asia,Baa1,0.012726409,0.061783146,0.019783146
Togo,Africa,B3,0.051747824,0.122441762,0.080441762
Trinidad and Tobago,Caribbean,Ba2,0.023955593,0.079238862,0.037238862
Tunisia,Africa,Caa1,0.05970183,0.134806228,0.092806228
Turkey,Western Europe,Ba3,0.02863442,0.086512078,0.044512078
Turks and Caicos Islands,Caribbean,Baa1,0.012726409,0.061783146,0.019783146
Uganda,Africa,B3,0.051747824,0.122441762,0.080441762
Ukraine,Eastern Europe & Russia,Ca,0.095541643,0.190519057,0.148519057
United Arab Emirates,Middle East,Aa2,0.003930215,0.048109501,0.006109501
United Kingdom,Western Europe,Aa3,0.004772403,0.04941868,0.00741868
United States,North America,Aa1,0.002186354,0.0442,0.002186354
Uruguay,Central and South America,Baa1,0.012726409,0.061783146,0.019783146
Uzbekistan,Eastern Europe & Russia,Ba2,0.023955593,0.079238862,0.037238862
Venezuela,Central and South America,Caa3,0.079633632,0.165790125,0.123790125
Vietnam,Asia,Ba2,0.023955593,0.079238862,0.037238862
Zambia,Africa,Caa2,0.071679627,0.153425659,0.111425659
